readable,version,protocol_version,protocol_type,release_type,data_version,resource_pack_format,data_pack_format,notes
header-PreClassic,Header-PreClassic,0,UNKNOWN,UNKNOWN,0,0,0,Header-PreClassic
RD_132211,rd-132211,0,UNKNOWN,UNKNOWN,0,0,0,
RD_132328,rd-132328,0,UNKNOWN,UNKNOWN,0,0,0,
RD_20090515,rd-20090515,0,UNKNOWN,UNKNOWN,0,0,0,
RD_160052,rd-160052,0,UNKNOWN,UNKNOWN,0,0,0,
RD_161348,rd-161348,0,UNKNOWN,UNKNOWN,0,0,0,
header-Classic,Header-Classic,0,UNKNOWN,UNKNOWN,0,0,0,Header-Classic
CMC_161607,mc-161607,0,UNKNOWN,UNKNOWN,0,0,0,
CMC_161616,mc-161616,0,UNKNOWN,UNKNOWN,0,0,0,
CMC_161625,mc-161625,0,UNKNOWN,UNKNOWN,0,0,0,
CMC_161648,mc-161648,0,UNKNOWN,UNKNOWN,0,0,0,
C0_0_2A,c0.0.2a,0,UNKNOWN,UNKNOWN,0,0,0,
C0_0_3A,c0.0.3a,0,UNKNOWN,UNKNOWN,0,0,0,
C0_0_9A,c0.0.9a,0,UNKNOWN,UNKNOWN,0,0,0,
C0_0_10A,c0.0.10a,0,UNKNOWN,UNKNOWN,0,0,0,
C0_0_11A,c0.0.11a,0,UNKNOWN,UNKNOWN,0,0,0,
C0_0_12A_D,c0.0.12a/Development,0,UNKNOWN,UNKNOWN,0,0,0,
C0_0_12A,c0.0.12a,0,UNKNOWN,UNKNOWN,0,0,0,
C0_0_12A_01,c0.0.12a_01,0,UNKNOWN,UNKNOWN,0,0,0,
C0_0_12A_02,c0.0.12a_02,0,UNKNOWN,UNKNOWN,0,0,0,
C0_0_12A_03,c0.0.12a_03,0,UNKNOWN,UNKNOWN,0,0,0,
C0_0_13A_D,c0.0.13a/Development,0,UNKNOWN,UNKNOWN,0,0,0,
C0_0_13A,c0.0.13a,0,UNKNOWN,UNKNOWN,0,0,0,
C0_0_13A_03,c0.0.13a_03,0,UNKNOWN,UNKNOWN,0,0,0,
C0_0_14A_D,c0.0.14a/Development,0,UNKNOWN,UNKNOWN,0,0,0,
C0_0_14A,c0.0.14a,0,UNKNOWN,UNKNOWN,0,0,0,
C0_0_14A_01,c0.0.14a_01,0,UNKNOWN,UNKNOWN,0,0,0,
C0_0_14A_03,c0.0.14a_03,0,UNKNOWN,UNKNOWN,0,0,0,
C0_0_14A_04,c0.0.14a_04,0,UNKNOWN,UNKNOWN,0,0,0,
C0_0_14A_05,c0.0.14a_05,0,UNKNOWN,UNKNOWN,0,0,0,
C0_0_14A_06,c0.0.14a_06,0,UNKNOWN,UNKNOWN,0,0,0,
C0_0_14A_07,c0.0.14a_07,0,UNKNOWN,UNKNOWN,0,0,0,
C0_0_14A_08,c0.0.14a_08,0,UNKNOWN,UNKNOWN,0,0,0,
C0_0_15A_D,c0.0.15a/Development,0,UNKNOWN,UNKNOWN,0,0,0,
C0_0_15A_M1,c0.0.15a (Multiplayer Test 1),0,UNKNOWN,UNKNOWN,0,0,0,
C0_0_15A_M2,c0.0.15a (Multiplayer Test 2),0,UNKNOWN,UNKNOWN,0,0,0,
C0_0_15A_M3,c0.0.15a (Multiplayer Test 3),0,UNKNOWN,UNKNOWN,0,0,0,
C0_0_15A_M4,c0.0.15a (Multiplayer Test 4),0,UNKNOWN,UNKNOWN,0,0,0,
C0_0_15A_M5,c0.0.15a (Multiplayer Test 5),0,UNKNOWN,UNKNOWN,0,0,0,
C0_0_15A_M6,c0.0.15a (Multiplayer Test 6),0,UNKNOWN,UNKNOWN,0,0,0,
C0_0_15A_M7,c0.0.15a (Multiplayer Test 7),0,UNKNOWN,UNKNOWN,0,0,0,
C0_0_15A_M8,c0.0.15a (Multiplayer Test 8),0,UNKNOWN,UNKNOWN,0,0,0,
C0_0_15A_01,c0.0.15a_01,0,UNKNOWN,UNKNOWN,0,0,0,
C0_0_15A_02,c0.0.15a_02,0,UNKNOWN,UNKNOWN,0,0,0,
C0_0_15A_03,c0.0.15a_03,0,UNKNOWN,UNKNOWN,0,0,0,
C0_0_16A,c0.0.16a,0,UNKNOWN,UNKNOWN,0,0,0,
C_SERVER_1_0,c server 1.0,0,UNKNOWN,UNKNOWN,0,0,0,Server for 0.0.16a
C0_0_16A_01,c0.0.16a_01,0,UNKNOWN,UNKNOWN,0,0,0,
C_SERVER_1_1,cserver 1.1,0,UNKNOWN,UNKNOWN,0,0,0,Server for 0.0.16a_01
C0_0_16A_02,c0.0.16a_02,3,OLD_PRE_NETTY,UNKNOWN,0,0,0,
C_SERVER_1_2,c server 1.2,3,OLD_PRE_NETTY,UNKNOWN,0,0,0,Server for 0.0.16a_02
C0_0_17A,c0.0.17a,4,OLD_PRE_NETTY,UNKNOWN,0,0,0,
C_SERVER_1_3,c server 1.3,4,OLD_PRE_NETTY,UNKNOWN,0,0,0,Server for 0.0.17a
C0_0_18A,c0.0.18a,4,OLD_PRE_NETTY,UNKNOWN,0,0,0,
C_SERVER_1_4,c server 1.4,4,OLD_PRE_NETTY,UNKNOWN,0,0,0,Server for 0.0.18a
C0_0_18A_01,c0.0.18a_01,4,OLD_PRE_NETTY,UNKNOWN,0,0,0,
C_SERVER_1_4_1,c server 1.4.1,4,OLD_PRE_NETTY,UNKNOWN,0,0,0,Server for 0.0.18a_01
C0_0_18A_02,c0.0.18a_02,4,OLD_PRE_NETTY,UNKNOWN,0,0,0,
C0_0_19A,c0.0.19a,5,OLD_PRE_NETTY,UNKNOWN,0,0,0,
C_SERVER_1_5,c server 1.5,5,OLD_PRE_NETTY,UNKNOWN,0,0,0,Server for 0.0.19a
C0_0_19A_02,c0.0.19a_02,5,OLD_PRE_NETTY,UNKNOWN,0,0,0,
C0_0_19A_01,c0.0.19a_01,5,OLD_PRE_NETTY,UNKNOWN,0,0,0,
C_SERVER_1_6,c server 1.6,5,OLD_PRE_NETTY,UNKNOWN,0,0,0,Server for 0.0.19a_01
C0_0_19A_03,c0.0.19a_03,5,OLD_PRE_NETTY,UNKNOWN,0,0,0,
C0_0_19A_04,c0.0.19a_04,5,OLD_PRE_NETTY,UNKNOWN,0,0,0,
C0_0_19A_05,c0.0.19a_05,5,OLD_PRE_NETTY,UNKNOWN,0,0,0,
C0_0_19A_06,c0.0.19a_06,5,OLD_PRE_NETTY,UNKNOWN,0,0,0,
C_SERVER_1_7,c server 1.7,5,OLD_PRE_NETTY,UNKNOWN,0,0,0,Server for 0.0.19a_06
C0_0_20A,c0.0.20a,6,OLD_PRE_NETTY,UNKNOWN,0,0,0,
C_SERVER_1_8,c server 1.8,6,OLD_PRE_NETTY,UNKNOWN,0,0,0,Server for 0.0.20a
C_SERVER_1_8_1,c server 1.8.1,6,OLD_PRE_NETTY,UNKNOWN,0,0,0,Server for 0.0.20a
C0_0_20A_01,c0.0.20a_01,6,OLD_PRE_NETTY,UNKNOWN,0,0,0,
C_SERVER_1_8_2,c server 1.8.2,6,OLD_PRE_NETTY,UNKNOWN,0,0,0,Server for 0.0.20a_01 - 0.0.23a_01
C0_0_20A_02,c0.0.20a_02,6,OLD_PRE_NETTY,UNKNOWN,0,0,0,
C0_0_21A,c0.0.21a,6,OLD_PRE_NETTY,UNKNOWN,0,0,0,
C0_0_21A_01,c0.0.21a_01,6,OLD_PRE_NETTY,UNKNOWN,0,0,0,
C0_0_22A,c0.0.22a,6,OLD_PRE_NETTY,UNKNOWN,0,0,0,
C0_0_22A_01,c0.0.22a_01,6,OLD_PRE_NETTY,UNKNOWN,0,0,0,
C0_0_22A_02,c0.0.22a_02,6,OLD_PRE_NETTY,UNKNOWN,0,0,0,
C0_0_22A_03,c0.0.22a_03,6,OLD_PRE_NETTY,UNKNOWN,0,0,0,
C0_0_22A_04,c0.0.22a_04,6,OLD_PRE_NETTY,UNKNOWN,0,0,0,
C0_0_22A_05,c0.0.22a_05,6,OLD_PRE_NETTY,UNKNOWN,0,0,0,
C0_0_23A,c0.0.23a,6,OLD_PRE_NETTY,UNKNOWN,0,0,0,
C0_0_23A_01,c0.0.23a_01,6,OLD_PRE_NETTY,UNKNOWN,0,0,0,
C0_0_24_D,c0.24 SURVIVAL TEST/Development,6,OLD_PRE_NETTY,UNKNOWN,0,0,0,
C0_0_24,c0.24_SURVIVAL_TEST,6,OLD_PRE_NETTY,UNKNOWN,0,0,0,
C0_0_24_01,c0.24_SURVIVAL_TEST_01,6,OLD_PRE_NETTY,UNKNOWN,0,0,0,
C0_0_24_02,c0.24_SURVIVAL_TEST_02,6,OLD_PRE_NETTY,UNKNOWN,0,0,0,
C0_0_24_03,c0.24_SURVIVAL_TEST_03,6,OLD_PRE_NETTY,UNKNOWN,0,0,0,
C0_0_25,c0.25 SURVIVAL_TEST,6,OLD_PRE_NETTY,UNKNOWN,0,0,0,
C0_0_25_01,c0.25_SURVIVAL_TEST_01,6,OLD_PRE_NETTY,UNKNOWN,0,0,0,
C0_0_25_02,c0.25_SURVIVAL_TEST_02,6,OLD_PRE_NETTY,UNKNOWN,0,0,0,
C0_0_25_03,c0.25_SURVIVAL_TEST_03,6,OLD_PRE_NETTY,UNKNOWN,0,0,0,
C0_0_25_05,c0.25_SURVIVAL_TEST_05,6,OLD_PRE_NETTY,UNKNOWN,0,0,0,
C0_0_26_D,c0.26_SURVIVAL_TEST/Development,6,OLD_PRE_NETTY,UNKNOWN,0,0,0,
C0_0_26,c0.26_SURVIVAL_TEST,6,OLD_PRE_NETTY,UNKNOWN,0,0,0,
C0_0_27,c0.27_SURVIVAL_TEST,6,OLD_PRE_NETTY,UNKNOWN,0,0,0,
C0_0_28_D,c0.28/Development,7,OLD_PRE_NETTY,UNKNOWN,0,0,0,
C0_0_28,c0.28,7,OLD_PRE_NETTY,UNKNOWN,0,0,0,
C_SERVER_1_9,c server 1.9,7,OLD_PRE_NETTY,UNKNOWN,0,0,0,Server for 0.28
C0_0_28_01,c0.28_01,7,OLD_PRE_NETTY,UNKNOWN,0,0,0,
C0_0_29,c0.29,7,OLD_PRE_NETTY,UNKNOWN,0,0,0,
C_SERVER_1_9_1,c server 1.9.1,7,OLD_PRE_NETTY,UNKNOWN,0,0,0,Server for 0.29
C0_0_29_01,c0.29_01,7,OLD_PRE_NETTY,UNKNOWN,0,0,0,
C0_0_29_02,c0.29_02,7,OLD_PRE_NETTY,UNKNOWN,0,0,0,
C0_0_30,c0.3.0,7,OLD_PRE_NETTY,UNKNOWN,0,0,0,
C_SERVER_1_10,c server 1.10,7,OLD_PRE_NETTY,UNKNOWN,0,0,0,Server for 0.30
C_SERVER_1_10_1,c server 1.10.1,7,OLD_PRE_NETTY,UNKNOWN,0,0,0,Server for 0.30
header-InDev,Header-InDev,0,UNKNOWN,UNKNOWN,0,0,0,Header-InDev
Indev_0_31,Indev 0.31,0,UNKNOWN,UNKNOWN,0,0,0,
Indev,Indev,0,UNKNOWN,UNKNOWN,0,0,0,
header-InfDev,Header-InfDev,0,UNKNOWN,UNKNOWN,0,0,0,Header-InfDev
Inf_20100227_1,Infdev 20100227-1,0,UNKNOWN,UNKNOWN,0,0,0,
Inf_20100227_1_D,Infdev 20100227-1/Development,0,UNKNOWN,UNKNOWN,0,0,0,
Inf_20100227_2,Infdev 20100227-2,0,UNKNOWN,UNKNOWN,0,0,0,
Inf_20100313,Infdev 20100313,0,UNKNOWN,UNKNOWN,0,0,0,
Inf_20100316,Infdev 20100316,0,UNKNOWN,UNKNOWN,0,0,0,
Inf_20100320,Infdev 20100320,0,UNKNOWN,UNKNOWN,0,0,0,
Inf_20100321,Infdev 20100321,0,UNKNOWN,UNKNOWN,0,0,0,
Inf_20100325,Infdev 20100325,0,UNKNOWN,UNKNOWN,0,0,0,
Inf_20100327,Infdev 20100327,0,UNKNOWN,UNKNOWN,0,0,0,
Inf_20100330_1,Infdev 20100330-1,0,UNKNOWN,UNKNOWN,0,0,0,
Inf_20100330_2,Infdev 20100330-2,0,UNKNOWN,UNKNOWN,0,0,0,
Inf_20100413,Infdev 20100413,0,UNKNOWN,UNKNOWN,0,0,0,
Inf_20100414,Infdev 20100414,0,UNKNOWN,UNKNOWN,0,0,0,
Inf_20100415,Infdev 20100415,0,UNKNOWN,UNKNOWN,0,0,0,
Inf_20100420,Infdev 20100420,0,UNKNOWN,UNKNOWN,0,0,0,
Inf_20100607,Infdev 20100607,0,UNKNOWN,UNKNOWN,0,0,0,
Inf_20100608,Infdev 20100608,0,UNKNOWN,UNKNOWN,0,0,0,
Inf_20100611,Infdev 20100611,0,UNKNOWN,UNKNOWN,0,0,0,
Inf_20100615,Infdev 20100615,0,UNKNOWN,UNKNOWN,0,0,0,
Inf_20100616_1,Infdev 20100616-1,0,UNKNOWN,UNKNOWN,0,0,0,
Inf_20100616_2,Infdev 20100616-2,0,UNKNOWN,UNKNOWN,0,0,0,
Inf_20100617_1,Infdev 20100617-1,0,UNKNOWN,UNKNOWN,0,0,0,
Inf_20100617_2,Infdev 20100617-2,0,UNKNOWN,UNKNOWN,0,0,0,
Inf_20100618,Infdev 20100618,0,UNKNOWN,UNKNOWN,0,0,0,
Inf_20100624,Infdev 20100624,0,UNKNOWN,UNKNOWN,0,0,0,
Inf_20100624_LF,Infdev 20100624 level format,0,UNKNOWN,UNKNOWN,0,0,0,
Inf_20100625_1,Infdev 20100625-1,0,UNKNOWN,UNKNOWN,0,0,0,
Inf_20100625_2,Infdev 20100625-2,0,UNKNOWN,UNKNOWN,0,0,0,
Inf_20100627,Infdev 20100627,0,UNKNOWN,UNKNOWN,0,0,0,
Inf_20100629,Infdev 20100629,0,UNKNOWN,UNKNOWN,0,0,0,
Inf_20100630,Infdev 20100630,0,UNKNOWN,UNKNOWN,0,0,0,
header-Alpha,Header-Alpha,0,UNKNOWN,UNKNOWN,0,0,0,Header-Alpha
A1_0_0,a1.0.0,0,UNKNOWN,UNKNOWN,0,0,0,
A1_0_1,a1.0.1,0,UNKNOWN,UNKNOWN,0,0,0,
A1_0_1_01,a1.0.1_01,0,UNKNOWN,UNKNOWN,0,0,0,
A1_0_2,a1.0.2,0,UNKNOWN,UNKNOWN,0,0,0,
A1_0_2_01,a1.0.2_01,0,UNKNOWN,UNKNOWN,0,0,0,
A1_0_2_02,a1.0.2_02,0,UNKNOWN,UNKNOWN,0,0,0,
A1_0_3,a1.0.3,0,UNKNOWN,UNKNOWN,0,0,0,
A1_0_4,a1.0.4,0,UNKNOWN,UNKNOWN,0,0,0,
A1_0_5,a1.0.5,10,OLD_PRE_NETTY,UNKNOWN,0,0,0,
A1_0_5_01,a1.0.5_01,10,OLD_PRE_NETTY,UNKNOWN,0,0,0,
A1_0_6,a1.0.6,10,OLD_PRE_NETTY,UNKNOWN,0,0,0,
A1_0_6_01,a1.0.6_01,10,OLD_PRE_NETTY,UNKNOWN,0,0,0,
A1_0_6_02,a1.0.6_02,10,OLD_PRE_NETTY,UNKNOWN,0,0,0,
A1_0_6_03,a1.0.6_03,10,OLD_PRE_NETTY,UNKNOWN,0,0,0,
A1_0_7,a1.0.7,10,OLD_PRE_NETTY,UNKNOWN,0,0,0,
A1_0_8,a1.0.8,10,OLD_PRE_NETTY,UNKNOWN,0,0,0,
A1_0_8_01,a1.0.8_01,10,OLD_PRE_NETTY,UNKNOWN,0,0,0,
A1_0_9,a1.0.9,10,OLD_PRE_NETTY,UNKNOWN,0,0,0,
A1_0_10,a1.0.10,10,OLD_PRE_NETTY,UNKNOWN,0,0,0,
A1_0_11,a1.0.11,10,OLD_PRE_NETTY,UNKNOWN,0,0,0,
A1_0_12,a1.0.12,11,OLD_PRE_NETTY,UNKNOWN,0,0,0,
A1_0_13,a1.0.13,12,OLD_PRE_NETTY,UNKNOWN,0,0,0,
A1_0_13_01,a1.0.13_01,12,OLD_PRE_NETTY,UNKNOWN,0,0,0,
A1_0_14,a1.0.14,12,OLD_PRE_NETTY,UNKNOWN,0,0,0,
A1_0_15,a1.0.15,13,OLD_PRE_NETTY,UNKNOWN,0,0,0,
A_SERVER_0_1_0,Alpha server 0.1.0,13,OLD_PRE_NETTY,UNKNOWN,0,0,0,Server for a1.0.15
A1_0_16,a1.0.16,14,OLD_PRE_NETTY,UNKNOWN,0,0,0,
A_SERVER_0_1_1,Alpha server 0.1.1,14,OLD_PRE_NETTY,UNKNOWN,0,0,0,Server for a1.0.16
A1_0_16_01,a1.0.16_01,14,OLD_PRE_NETTY,UNKNOWN,0,0,0,
A1_0_16_02,a1.0.16_02,14,OLD_PRE_NETTY,UNKNOWN,0,0,0,
A_SERVER_0_1_2,Alpha server 0.1.2,14,OLD_PRE_NETTY,UNKNOWN,0,0,0,Server for a1.0.16_02
A_SERVER_0_1_2_01,Alpha server 0.1.2_01,14,OLD_PRE_NETTY,UNKNOWN,0,0,0,Server for a1.0.16_02
A_SERVER_0_1_3,Alpha server 0.1.3,14,OLD_PRE_NETTY,UNKNOWN,0,0,0,Server for a1.0.16_02
A1_0_17,a1.0.17,1,PRE_NETTY,UNKNOWN,0,0,0,
A1_0_17_01,a1.0.17_01,1,PRE_NETTY,UNKNOWN,0,0,0,
A_SERVER_0_1_4,Alpha server 0.1.4,1,PRE_NETTY,UNKNOWN,0,0,0,Server for a1.0.17
A1_0_17_02,a1.0.17_02,1,PRE_NETTY,UNKNOWN,0,0,0,
A1_0_17_03,a1.0.17_03,1,PRE_NETTY,UNKNOWN,0,0,0,
A1_0_17_04,a1.0.17_04,1,PRE_NETTY,UNKNOWN,0,0,0,
A1_1_0,a1.1.0,2,PRE_NETTY,UNKNOWN,0,0,0,
A_SERVER_0_2_0,Alpha server 0.2.0,2,PRE_NETTY,UNKNOWN,0,0,0,Server for a1.1.0
A_SERVER_0_2_0_01,Alpha server 0.2.0_01,2,PRE_NETTY,UNKNOWN,0,0,0,Server for a1.1.0
A1_1_1,a1.1.1,2,PRE_NETTY,UNKNOWN,0,0,0,
A_SERVER_0_2_1,Alpha server 0.2.1,2,PRE_NETTY,UNKNOWN,0,0,0,Server for a1.1.1
A1_1_2,a1.1.2,2,PRE_NETTY,UNKNOWN,0,0,0,
A1_1_2_01,a1.1.2_01,2,PRE_NETTY,UNKNOWN,0,0,0,
A1_2_0,a1.2.0,3,PRE_NETTY,UNKNOWN,0,0,0,
A_SERVER_0_2_2,Alpha server 0.2.2,3,PRE_NETTY,UNKNOWN,0,0,0,Server for a1.2.0
A_SERVER_0_2_2_01,Alpha server 0.2.2_01,3,PRE_NETTY,UNKNOWN,0,0,0,Server for a1.2.0
A1_2_0_01,a1.2.0_01,3,PRE_NETTY,UNKNOWN,0,0,0,
A1_2_0_02,a1.2.0_02,3,PRE_NETTY,UNKNOWN,0,0,0,
A1_2_1,a1.2.1,3,PRE_NETTY,UNKNOWN,0,0,0,
A_SERVER_0_2_3,Alpha server 0.2.3,3,PRE_NETTY,UNKNOWN,0,0,0,Server for a1.2.1
A1_2_1_01,a1.2.1_01,3,PRE_NETTY,UNKNOWN,0,0,0,
A1_2_2,a1.2.2,4,PRE_NETTY,UNKNOWN,0,0,0,
A_SERVER_0_2_4,Alpha server 0.2.4,4,PRE_NETTY,UNKNOWN,0,0,0,Server for a1.2.2
A1_2_3,a1.2.3,5,PRE_NETTY,UNKNOWN,0,0,0,
A_SERVER_0_2_5,Alpha server 0.2.5,5,PRE_NETTY,UNKNOWN,0,0,0,Server for a1.2.3
A1_2_3_01,a1.2.3_01,5,PRE_NETTY,UNKNOWN,0,0,0,
A1_2_3_02,a1.2.3_02,5,PRE_NETTY,UNKNOWN,0,0,0,
A_SERVER_0_2_5_01,Alpha server 0.2.5_01,5,PRE_NETTY,UNKNOWN,0,0,0,Server for a1.2.3_02
A_SERVER_0_2_5_02,Alpha server 0.2.5_02,5,PRE_NETTY,UNKNOWN,0,0,0,Server for a1.2.3_02
A1_2_3_04,a1.2.3_04,5,PRE_NETTY,UNKNOWN,0,0,0,
A1_2_3_05,a1.2.3_05,6,PRE_NETTY,UNKNOWN,0,0,0,
A_SERVER_0_2_6,Alpha server 0.2.6,6,PRE_NETTY,UNKNOWN,0,0,0,Server for a1.2.3_05
A_SERVER_0_2_6_01,Alpha server 0.2.6_01,6,PRE_NETTY,UNKNOWN,0,0,0,Server for a1.2.3_05
A1_2_4,a1.2.4,6,PRE_NETTY,UNKNOWN,0,0,0,
A_SERVER_0_2_6_02,Alpha server 0.2.6_02,6,PRE_NETTY,UNKNOWN,0,0,0,Server for a1.2.4
A1_2_4_01,a1.2.4_01,6,PRE_NETTY,UNKNOWN,0,0,0,
A1_2_5,a1.2.5,6,PRE_NETTY,UNKNOWN,0,0,0,
A_SERVER_0_2_7,Alpha server 0.2.7,6,PRE_NETTY,UNKNOWN,0,0,0,Server for a1.2.5
A1_2_6,a1.2.6,6,PRE_NETTY,UNKNOWN,0,0,0,
A_SERVER_0_2_8,Alpha server 0.2.8,6,PRE_NETTY,UNKNOWN,0,0,0,Server for a1.2.6
header-Beta,Header-Beta,0,UNKNOWN,UNKNOWN,0,0,0,Header-Beta
B1_0,b1.0,7,PRE_NETTY,UNKNOWN,0,0,0,
B1_0_01,b1.0_01,7,PRE_NETTY,UNKNOWN,0,0,0,
B1_0_2,b1.0.2,7,PRE_NETTY,UNKNOWN,0,0,0,
B1_1,b1.1,7,PRE_NETTY,UNKNOWN,0,0,0,
B1_1_01,b1.1_01,7,PRE_NETTY,UNKNOWN,0,0,0,
B1_1_02,b1.1_02,8,PRE_NETTY,UNKNOWN,0,0,0,
B1_2,b1.2,8,PRE_NETTY,UNKNOWN,0,0,0,
B1_2_01,b1.2_01,8,PRE_NETTY,UNKNOWN,0,0,0,
B1_2_02,b1.2_02,8,PRE_NETTY,UNKNOWN,0,0,0,
B1_3,b1.3,9,PRE_NETTY,UNKNOWN,0,0,0,
B1_3_01,b1.3_01,9,PRE_NETTY,UNKNOWN,0,0,0,
B1_4,b1.4,10,PRE_NETTY,UNKNOWN,0,0,0,
B1_4_01,b1.4_01,10,PRE_NETTY,UNKNOWN,0,0,0,
B1_5,b1.5,11,PRE_NETTY,UNKNOWN,0,0,0,
B1_5_01,b1.5_01,11,PRE_NETTY,UNKNOWN,0,0,0,
B1_5_02,b1.5_02,11,PRE_NETTY,UNKNOWN,0,0,0,
B1_6_P,b1.6 (preview),13,PRE_NETTY,UNKNOWN,0,0,0,
B1_6_TEST_BUILD_3,b1.6 Test Build 3,12,PRE_NETTY,UNKNOWN,0,0,0,
B1_6,b1.6,13,PRE_NETTY,UNKNOWN,0,0,0,
B1_6_1,b1.6.1,13,PRE_NETTY,UNKNOWN,0,0,0,
B1_6_2,b1.6.2,13,PRE_NETTY,UNKNOWN,0,0,0,
B1_6_3,b1.6.3,13,PRE_NETTY,UNKNOWN,0,0,0,
B1_6_4,b1.6.4,13,PRE_NETTY,UNKNOWN,0,0,0,
B1_6_5,b1.6.5,13,PRE_NETTY,UNKNOWN,0,0,0,
B1_6_6,b1.6.6,13,PRE_NETTY,UNKNOWN,0,0,0,
B1_7_P,b1.7 (preview),14,PRE_NETTY,UNKNOWN,0,0,0,
B1_7,b1.7,14,PRE_NETTY,UNKNOWN,0,0,0,
B1_7_01,b1.7_01,14,PRE_NETTY,UNKNOWN,0,0,0,
B1_7_2,b1.7.2,14,PRE_NETTY,UNKNOWN,0,0,0,
B1_7_3,b1.7.3,14,PRE_NETTY,UNKNOWN,0,0,0,
B1_8_PR,b1.8 Pre-release,15,PRE_NETTY,UNKNOWN,0,0,0,
B1_8_PR2,b1.8-pre2 ,16,PRE_NETTY,UNKNOWN,0,0,0,
B1_8,b1.8,17,PRE_NETTY,UNKNOWN,0,0,0,
B1_8_1,b1.8.1,17,PRE_NETTY,UNKNOWN,0,0,0,
B1_9_PR,b1.9 Prerelease,18,PRE_NETTY,UNKNOWN,0,0,0,
B1_9_PR2,b1.9 Prerelease 2,19,PRE_NETTY,UNKNOWN,0,0,0,
B1_9_PR3,b1.9 Prerelease 3,19,PRE_NETTY,UNKNOWN,0,0,0,
B1_9_PR4,b1.9 Prerelease 4,20,PRE_NETTY,UNKNOWN,0,0,0,
B1_9_PR5,b1.9 Prerelease 5,21,PRE_NETTY,UNKNOWN,0,0,0,
B1_9_PR6,b1.9 Prerelease 6,22,PRE_NETTY,UNKNOWN,0,0,0,
RC1,rc1,22,PRE_NETTY,UNKNOWN,0,0,0,
RC2,rc2,22,PRE_NETTY,UNKNOWN,0,0,0,
header-Release,header-Release,0,UNKNOWN,UNKNOWN,0,0,0,header-Release
V0,1.0.0,22,PRE_NETTY,RELEASE,0,0,0,
V0_1,1.0.1,22,PRE_NETTY,RELEASE,0,0,0,
V11W47A,11w47a,22,PRE_NETTY,SNAPSHOT,0,0,0,
V11W48A,11w48a,22,PRE_NETTY,SNAPSHOT,0,0,0,
V11W49A,11w49a,22,PRE_NETTY,SNAPSHOT,0,0,0,
V11W50A,11w50a,22,PRE_NETTY,SNAPSHOT,0,0,0,
V12W01A,12w01a,23,PRE_NETTY,SNAPSHOT,0,0,0,
V1,1.1,23,PRE_NETTY,RELEASE,0,0,0,
V12W03A,12w03a,24,PRE_NETTY,SNAPSHOT,0,0,0,
V12W04A,12w04a,24,PRE_NETTY,SNAPSHOT,0,0,0,
V12W05A,12w05a,24,PRE_NETTY,SNAPSHOT,0,0,0,
V12W05B,12w05b,24,PRE_NETTY,SNAPSHOT,0,0,0,
V12W06A,12w06a,25,PRE_NETTY,SNAPSHOT,0,0,0,
V12W07A,12w07a,27,PRE_NETTY,SNAPSHOT,0,0,0,
V12W07B,12w07b,27,PRE_NETTY,SNAPSHOT,0,0,0,
V12W08A,12w08a,28,PRE_NETTY,SNAPSHOT,0,0,0,
V2,1.2,28,PRE_NETTY,RELEASE,0,0,0,
V2_1,1.2.1,28,PRE_NETTY,RELEASE,0,0,0,
V2_2,1.2.2,28,PRE_NETTY,RELEASE,0,0,0,
V2_3,1.2.3,28,PRE_NETTY,RELEASE,0,0,0,
V2_4,1.2.4,29,PRE_NETTY,RELEASE,0,0,0,
V2_5,1.2.5,29,PRE_NETTY,RELEASE,0,0,0,
V12W15A,12w15a,29,PRE_NETTY,SNAPSHOT,0,0,0,
V12W16A,12w16a,30,PRE_NETTY,SNAPSHOT,0,0,0,
V12W17A,12w17a,31,PRE_NETTY,SNAPSHOT,0,0,0,
V12W18A,12w18a,32,PRE_NETTY,SNAPSHOT,0,0,0,
V12W19A,12w19a,32,PRE_NETTY,SNAPSHOT,0,0,0,
V12W21A,12w21a,33,PRE_NETTY,SNAPSHOT,0,0,0,
V12W21B,12w21b,33,PRE_NETTY,SNAPSHOT,0,0,0,
V12W22A,12w22a,34,PRE_NETTY,SNAPSHOT,0,0,0,
V12W23A,12w23a,35,PRE_NETTY,SNAPSHOT,0,0,0,
V12W23B,12w23b,35,PRE_NETTY,SNAPSHOT,0,0,0,
V12W24A,12w24a,36,PRE_NETTY,SNAPSHOT,0,0,0,
V12W25A,12w25a,37,PRE_NETTY,SNAPSHOT,0,0,0,
V12W26A,12w26a,37,PRE_NETTY,SNAPSHOT,0,0,0,
V12W27A,12w27a,38,PRE_NETTY,SNAPSHOT,0,0,0,
V12W30A,12w30a,38,PRE_NETTY,SNAPSHOT,0,0,0,
V12W30B,12w30b,38,PRE_NETTY,SNAPSHOT,0,0,0,
V12W30C,12w30c,39,PRE_NETTY,SNAPSHOT,0,0,0,
V12W30D,12w30d,39,PRE_NETTY,SNAPSHOT,0,0,0,
V12W30E,12w30e,39,PRE_NETTY,SNAPSHOT,0,0,0,
V3,1.3,39,PRE_NETTY,RELEASE,0,0,0,
V3_1,1.3.1,39,PRE_NETTY,RELEASE,0,0,0,
V3_2,1.3.2,39,PRE_NETTY,RELEASE,0,0,0,
V12W32A,12w32a,40,PRE_NETTY,SNAPSHOT,0,0,0,
V12W34A,12w34a,41,PRE_NETTY,SNAPSHOT,0,0,0,
V12W34B,12w34b,42,PRE_NETTY,SNAPSHOT,0,0,0,
V12W36A,12w36a,42,PRE_NETTY,SNAPSHOT,0,0,0,
V12W37A,12w37a,42,PRE_NETTY,SNAPSHOT,0,0,0,
V12W38A,12w38a,43,PRE_NETTY,SNAPSHOT,0,0,0,
V12W38B,12w38b,43,PRE_NETTY,SNAPSHOT,0,0,0,
V12W39A,12w39a,43,PRE_NETTY,SNAPSHOT,0,0,0,
V12W39B,12w39b,43,PRE_NETTY,SNAPSHOT,0,0,0,
V12W40A,12w40a,44,PRE_NETTY,SNAPSHOT,0,0,0,
V12W40B,12w40b,45,PRE_NETTY,SNAPSHOT,0,0,0,
V12W41A,12w41a,46,PRE_NETTY,SNAPSHOT,0,0,0,
V12W41B,12w41b,46,PRE_NETTY,SNAPSHOT,0,0,0,
V12W42A,12w42a,46,PRE_NETTY,SNAPSHOT,0,0,0,
V12W42B,12w42b,47,PRE_NETTY,SNAPSHOT,0,0,0,
V4,1.4,47,PRE_NETTY,RELEASE,0,0,0,
V4_1,1.4.1,47,PRE_NETTY,RELEASE,0,0,0,
V4_2,1.4.2,47,PRE_NETTY,RELEASE,0,0,0,
V4_3,1.4.3,48,PRE_NETTY,RELEASE,0,0,0,
V4_4,1.4.4,49,PRE_NETTY,RELEASE,0,0,0,
V4_5,1.4.5,49,PRE_NETTY,RELEASE,0,0,0,
V12W49A,12w49a,50,PRE_NETTY,SNAPSHOT,0,0,0,
V12W50A,12w50a,51,PRE_NETTY,SNAPSHOT,0,0,0,
V12W50B,12w50b,51,PRE_NETTY,SNAPSHOT,0,0,0,
V4_6,1.4.6,51,PRE_NETTY,RELEASE,0,0,0,
V4_7,1.4.7,51,PRE_NETTY,RELEASE,0,0,0,
V13W01A,13w01a,52,PRE_NETTY,SNAPSHOT,0,0,0,
V13W01B,13w01b,52,PRE_NETTY,SNAPSHOT,0,0,0,
V13W02A,13w02a,53,PRE_NETTY,SNAPSHOT,0,0,0,
V13W02B,13w02b,53,PRE_NETTY,SNAPSHOT,0,0,0,
V13W03A,13w03a,54,PRE_NETTY,SNAPSHOT,0,0,0,
V13W04A,13w04a,55,PRE_NETTY,SNAPSHOT,0,0,0,
V13W05A,13w05a,56,PRE_NETTY,SNAPSHOT,0,0,0,
V13W05B,13w05b,56,PRE_NETTY,SNAPSHOT,0,0,0,
V13W06A,13w06a,58,PRE_NETTY,SNAPSHOT,0,0,0,
V13W07A,13w07a,58,PRE_NETTY,SNAPSHOT,0,0,0,
V13W09A,13w09a,59,PRE_NETTY,SNAPSHOT,0,0,0,
V13W09B,13w09b,59,PRE_NETTY,SNAPSHOT,0,0,0,
V13W09C,13w09c,60,PRE_NETTY,SNAPSHOT,0,0,0,
V13W10A,13w10a,60,PRE_NETTY,SNAPSHOT,0,0,0,
V13W10B,13w10b,60,PRE_NETTY,SNAPSHOT,0,0,0,
V5,1.5,60,PRE_NETTY,RELEASE,0,0,0,
V13W11A,13w11a,60,PRE_NETTY,SNAPSHOT,0,0,0,
V13W12,13w12~,60,PRE_NETTY,SNAPSHOT,0,0,0,
V5_1,1.5.1,60,PRE_NETTY,RELEASE,0,0,0,
V13W14A_V2,13w14a (v2.0),0,PRE_NETTY,SNAPSHOT,0,0,0,"APRIL_FOOLS, Protocol(Blue: 90, Red: 91, Purple: 92)"
V5_2,1.5.2,61,PRE_NETTY,RELEASE,0,0,0,
V13W16A,13w16a,62,PRE_NETTY,SNAPSHOT,0,0,0,
V13W16B,13w16b,63,PRE_NETTY,SNAPSHOT,0,0,0,
V13W17A,13w17a,64,PRE_NETTY,SNAPSHOT,0,0,0,
V13W18A,13w18a,65,PRE_NETTY,SNAPSHOT,0,0,0,
V13W18B,13w18b,65,PRE_NETTY,SNAPSHOT,0,0,0,
V13W18C,13w18c,65,PRE_NETTY,SNAPSHOT,0,0,0,
V13W19A,13w19a,66,PRE_NETTY,SNAPSHOT,0,0,0,
V13W21A,13w21a,67,PRE_NETTY,SNAPSHOT,0,0,0,
V13W21B,13w21b,67,PRE_NETTY,SNAPSHOT,0,0,0,
V13W22A,13w22a,67,PRE_NETTY,SNAPSHOT,0,0,0,
V13W23A,13w23a,67,PRE_NETTY,SNAPSHOT,0,0,0,
V13W23B,13w23b,68,PRE_NETTY,SNAPSHOT,0,0,0,
V13W24A,13w24a,69,PRE_NETTY,SNAPSHOT,0,1,0,
V13W24B,13w24b,70,PRE_NETTY,SNAPSHOT,0,1,0,
V13W25A,13w25a,71,PRE_NETTY,SNAPSHOT,0,1,0,
V13W25B,13w25b,71,PRE_NETTY,SNAPSHOT,0,1,0,
V13W25C,13w25c,71,PRE_NETTY,SNAPSHOT,0,1,0,
V13W26A,13w26a,72,PRE_NETTY,SNAPSHOT,0,1,0,
V6,1.6,72,PRE_NETTY,RELEASE,0,1,0,
V6_1,1.6.1,73,PRE_NETTY,RELEASE,0,1,0,
V6_2,1.6.2,74,PRE_NETTY,RELEASE,0,1,0,
V13W36A,13w36a,75,PRE_NETTY,SNAPSHOT,0,1,0,
V13W36B,13w36b,75,PRE_NETTY,SNAPSHOT,0,1,0,
V13W37A,13w37a,76,PRE_NETTY,SNAPSHOT,0,1,0,
V13W37B,13w37b,76,PRE_NETTY,SNAPSHOT,0,1,0,
V6_3,1.6.3,77,PRE_NETTY,RELEASE,0,1,0,
V6_4,1.6.4,78,PRE_NETTY,RELEASE,0,1,0,
V13W38A,13w38a,79,PRE_NETTY,SNAPSHOT,0,1,0,
V13W38B,13w38b,79,PRE_NETTY,SNAPSHOT,0,1,0,
V13W38C,13w38c,79,PRE_NETTY,SNAPSHOT,0,1,0,
V13W39A,13w39a,80,PRE_NETTY,SNAPSHOT,0,1,0,
V13W39B,13w39b,80,PRE_NETTY,SNAPSHOT,0,1,0,
V13W41A,13w41a,0,NETTY,SNAPSHOT,0,1,0,
V13W41B,13w41b,0,NETTY,SNAPSHOT,0,1,0,
V13W42A,13w42a,1,NETTY,SNAPSHOT,0,1,0,
V13W42B,13w42b,1,NETTY,SNAPSHOT,0,1,0,
V13W43A,13w43a,2,NETTY,SNAPSHOT,0,1,0,
V7,1.7,3,NETTY,RELEASE,0,1,0,
V7_1,1.7.1,3,NETTY,RELEASE,0,1,0,
V7_2,1.7.2,4,NETTY,RELEASE,0,1,0,
V13W47A,13w47a,4,NETTY,SNAPSHOT,0,1,0,
V13W47B,13w47b,4,NETTY,SNAPSHOT,0,1,0,
V13W47C,13w47c,4,NETTY,SNAPSHOT,0,1,0,
V13W47D,13w47d,4,NETTY,SNAPSHOT,0,1,0,
V13W47E,13w47e,4,NETTY,SNAPSHOT,0,1,0,
V13W48A,13w48a,4,NETTY,SNAPSHOT,0,1,0,
V13W48B,13w48b,4,NETTY,SNAPSHOT,0,1,0,
V13W49A,13w49a,4,NETTY,SNAPSHOT,0,1,0,
V7_3,1.7.3,4,NETTY,RELEASE,0,1,0,
V7_4,1.7.4,4,NETTY,RELEASE,0,1,0,
V7_5,1.7.5,4,NETTY,RELEASE,0,1,0,
V7_6_PRE1,1.7.6-pre1,5,NETTY,PRE_RELEASE,0,1,0,
V7_6_PRE2,1.7.6-pre2,5,NETTY,PRE_RELEASE,0,1,0,
V7_6,1.7.6,5,NETTY,RELEASE,0,1,0,
V7_7,1.7.7,5,NETTY,RELEASE,0,1,0,
V7_8,1.7.8,5,NETTY,RELEASE,0,1,0,
V7_9,1.7.9,5,NETTY,RELEASE,0,1,0,
V7_10_PRE1,1.7.10-pre1,5,NETTY,PRE_RELEASE,0,1,0,
V7_10_PRE2,1.7.10-pre2,5,NETTY,PRE_RELEASE,0,1,0,
V7_10_PRE3,1.7.10-pre3,5,NETTY,PRE_RELEASE,0,1,0,
V7_10_PRE4,1.7.10-pre4,5,NETTY,PRE_RELEASE,0,1,0,
V7_10,1.7.10,5,NETTY,RELEASE,0,1,0,
V14W02A,14w02a,5,NETTY,SNAPSHOT,0,1,0,
V14W02B,14w02b,5,NETTY,SNAPSHOT,0,1,0,
V14W02C,14w02c,5,NETTY,SNAPSHOT,0,1,0,
V14W03A,14w03a,6,NETTY,SNAPSHOT,0,1,0,
V14W03B,14w03b,6,NETTY,SNAPSHOT,0,1,0,
V14W04A,14w04a,7,NETTY,SNAPSHOT,0,1,0,
V14W04B,14w04b,8,NETTY,SNAPSHOT,0,1,0,
V14W05A,14w05a,9,NETTY,SNAPSHOT,0,1,0,
V14W05B,14w05b,9,NETTY,SNAPSHOT,0,1,0,
V14W06A,14w06a,10,NETTY,SNAPSHOT,0,1,0,
V14W06B,14w06b,10,NETTY,SNAPSHOT,0,1,0,
V14W07A,14w07a,11,NETTY,SNAPSHOT,0,1,0,
V14W08A,14w08a,12,NETTY,SNAPSHOT,0,1,0,
V14W10A,14w10a,13,NETTY,SNAPSHOT,0,1,0,
V14W10B,14w10b,13,NETTY,SNAPSHOT,0,1,0,
V14W10C,14w10c,13,NETTY,SNAPSHOT,0,1,0,
V14W11A,14w11a,14,NETTY,SNAPSHOT,0,1,0,
V14W11B,14w11b,14,NETTY,SNAPSHOT,0,1,0,
V14W17A,14w17a,15,NETTY,SNAPSHOT,0,1,0,
V14W18A,14w18a,16,NETTY,SNAPSHOT,0,1,0,
V14W18B,14w18b,16,NETTY,SNAPSHOT,0,1,0,
V14W19A,14w19a,17,NETTY,SNAPSHOT,0,1,0,
V14W20A,14w20a,18,NETTY,SNAPSHOT,0,1,0,
V14W20B,14w20b,18,NETTY,SNAPSHOT,0,1,0,
V14W21A,14w21a,19,NETTY,SNAPSHOT,0,1,0,
V14W21B,14w21b,20,NETTY,SNAPSHOT,0,1,0,
V14W25A,14w25a,21,NETTY,SNAPSHOT,0,1,0,
V14W25B,14w25b,22,NETTY,SNAPSHOT,0,1,0,
V14W26A,14w26a,23,NETTY,SNAPSHOT,0,1,0,
V14W26B,14w26b,24,NETTY,SNAPSHOT,0,1,0,
V14W26C,14w26c,25,NETTY,SNAPSHOT,0,1,0,
V14W27A,14w27a,26,NETTY,SNAPSHOT,0,1,0,
V14W27B,14w27b,26,NETTY,SNAPSHOT,0,1,0,
V14W28A,14w28a,27,NETTY,SNAPSHOT,0,1,0,
V14W28B,14w28b,28,NETTY,SNAPSHOT,0,1,0,
V14W29A,14w29a,29,NETTY,SNAPSHOT,0,1,0,
V14W29B,14w29b,29,NETTY,SNAPSHOT,0,1,0,
V14W30A,14w30a,30,NETTY,SNAPSHOT,0,1,0,
V14W30B,14w30b,30,NETTY,SNAPSHOT,0,1,0,
V14W30C,14w30c,31,NETTY,SNAPSHOT,0,1,0,
V14W31A,14w31a,32,NETTY,SNAPSHOT,0,1,0,
V14W32A,14w32a,33,NETTY,SNAPSHOT,0,1,0,
V14W32B,14w32b,34,NETTY,SNAPSHOT,0,1,0,
V14W32C,14w32c,35,NETTY,SNAPSHOT,0,1,0,
V14W32D,14w32d,36,NETTY,SNAPSHOT,0,1,0,
V14W33A,14w33a,37,NETTY,SNAPSHOT,0,1,0,
V14W33B,14w33b,38,NETTY,SNAPSHOT,0,1,0,
V14W33C,14w33c,39,NETTY,SNAPSHOT,0,1,0,
V14W34A,14w34a,40,NETTY,SNAPSHOT,0,1,0,
V14W34B,14w34b,41,NETTY,SNAPSHOT,0,1,0,
V14W34C,14w34c,42,NETTY,SNAPSHOT,0,1,0,
V14W34D,14w34d,43,NETTY,SNAPSHOT,0,1,0,
V8_PRE1,1.8-pre1,44,NETTY,PRE_RELEASE,0,1,0,
V8_PRE2,1.8-pre2,45,NETTY,PRE_RELEASE,0,1,0,
V8_PRE3,1.8-pre3,46,NETTY,PRE_RELEASE,0,1,0,
V8,1.8,47,NETTY,RELEASE,0,1,0,
V8_1_PRE1,1.8.1-pre1,47,NETTY,PRE_RELEASE,0,1,0,
V8_1_PRE2,1.8.1-pre2,47,NETTY,PRE_RELEASE,0,1,0,
V8_1_PRE3,1.8.1-pre3,47,NETTY,PRE_RELEASE,0,1,0,
V8_1_PRE4,1.8.1-pre4,47,NETTY,PRE_RELEASE,0,1,0,
V8_1_PRE5,1.8.1-pre5,47,NETTY,PRE_RELEASE,0,1,0,
V8_1,1.8.1,47,NETTY,RELEASE,0,1,0,
V8_2_PRE1,1.8.2-pre1,47,NETTY,PRE_RELEASE,0,1,0,
V8_2_PRE2,1.8.2-pre2,47,NETTY,PRE_RELEASE,0,1,0,
V8_2_PRE3,1.8.2-pre3,47,NETTY,PRE_RELEASE,0,1,0,
V8_2_PRE4,1.8.2-pre4,47,NETTY,PRE_RELEASE,0,1,0,
V8_2_PRE5,1.8.2-pre5,47,NETTY,PRE_RELEASE,0,1,0,
V8_2_PRE6,1.8.2-pre6,47,NETTY,PRE_RELEASE,0,1,0,
V8_2_PRE7,1.8.2-pre7,47,NETTY,PRE_RELEASE,0,1,0,
V8_2,1.8.2,47,NETTY,RELEASE,0,1,0,
V8_3,1.8.3,47,NETTY,RELEASE,0,1,0,
V15W14A,15w14a,48,NETTY,SNAPSHOT,0,1,0,APRIL_FOOLS
V8_4,1.8.4,47,NETTY,RELEASE,0,1,0,
V8_5,1.8.5,47,NETTY,RELEASE,0,1,0,
V8_6,1.8.6,47,NETTY,RELEASE,0,1,0,
V8_7,1.8.7,47,NETTY,RELEASE,0,1,0,
V8_8,1.8.8,47,NETTY,RELEASE,0,1,0,
V8_9,1.8.9,47,NETTY,RELEASE,0,1,0,
V15W31A,15w31a,49,NETTY,SNAPSHOT,0,2,0,
V15W31B,15w31b,50,NETTY,SNAPSHOT,0,2,0,
V15W31C,15w31c,51,NETTY,SNAPSHOT,0,2,0,
V15W32A,15w32a,52,NETTY,SNAPSHOT,100,2,0,
V15W32B,15w32b,53,NETTY,SNAPSHOT,103,2,0,
V15W32C,15w32c,54,NETTY,SNAPSHOT,104,2,0,
V15W33A,15w33a,55,NETTY,SNAPSHOT,111,2,0,
V15W33B,15w33b,56,NETTY,SNAPSHOT,111,2,0,
V15W33C,15w33c,57,NETTY,SNAPSHOT,112,2,0,
V15W34A,15w34a,58,NETTY,SNAPSHOT,114,2,0,
V15W34B,15w34b,59,NETTY,SNAPSHOT,115,2,0,
V15W34C,15w34c,60,NETTY,SNAPSHOT,116,2,0,
V15W34D,15w34d,61,NETTY,SNAPSHOT,117,2,0,
V15W35A,15w35a,62,NETTY,SNAPSHOT,118,2,0,
V15W35B,15w35b,63,NETTY,SNAPSHOT,119,2,0,
V15W35C,15w35c,64,NETTY,SNAPSHOT,120,2,0,
V15W35D,15w35d,65,NETTY,SNAPSHOT,121,2,0,
V15W35E,15w35e,66,NETTY,SNAPSHOT,122,2,0,
V15W36A,15w36a,67,NETTY,SNAPSHOT,123,2,0,
V15W36B,15w36b,68,NETTY,SNAPSHOT,124,2,0,
V15W36C,15w36c,69,NETTY,SNAPSHOT,125,2,0,
V15W36D,15w36d,70,NETTY,SNAPSHOT,126,2,0,
V15W37A,15w37a,71,NETTY,SNAPSHOT,127,2,0,
V15W38A,15w38a,72,NETTY,SNAPSHOT,128,2,0,
V15W38B,15w38b,73,NETTY,SNAPSHOT,129,2,0,
V15W39A,15w39a,74,NETTY,SNAPSHOT,130,2,0,
V15W39B,15w39b,74,NETTY,SNAPSHOT,131,2,0,
V15W39C,15w39c,74,NETTY,SNAPSHOT,132,2,0,
V15W40A,15w40a,75,NETTY,SNAPSHOT,133,2,0,
V15W40B,15w40b,76,NETTY,SNAPSHOT,134,2,0,
V15W41A,15w41a,77,NETTY,SNAPSHOT,136,2,0,
V15W41B,15w41b,78,NETTY,SNAPSHOT,137,2,0,
V15W42A,15w42a,79,NETTY,SNAPSHOT,138,2,0,
V15W43A,15w43a,80,NETTY,SNAPSHOT,139,2,0,
V15W43B,15w43b,81,NETTY,SNAPSHOT,140,2,0,
V15W43C,15w43c,82,NETTY,SNAPSHOT,141,2,0,
V15W44A,15w44a,83,NETTY,SNAPSHOT,142,2,0,
V15W44B,15w44b,84,NETTY,SNAPSHOT,143,2,0,
V15W45A,15w45a,85,NETTY,SNAPSHOT,145,2,0,
V15W46A,15w46a,86,NETTY,SNAPSHOT,146,2,0,
V15W47A,15w47a,87,NETTY,SNAPSHOT,148,2,0,
V15W47B,15w47b,88,NETTY,SNAPSHOT,149,2,0,
V15W47C,15w47c,89,NETTY,SNAPSHOT,150,2,0,
V15W49A,15w49a,90,NETTY,SNAPSHOT,151,2,0,
V15W49B,15w49b,91,NETTY,SNAPSHOT,152,2,0,
V15W50A,15w50a,92,NETTY,SNAPSHOT,153,2,0,
V15W51A,15w51a,93,NETTY,SNAPSHOT,154,2,0,
V15W51B,15w51b,94,NETTY,SNAPSHOT,155,2,0,
V16W02A,16w02a,95,NETTY,SNAPSHOT,156,2,0,
V16W03A,16w03a,96,NETTY,SNAPSHOT,157,2,0,
V16W04A,16w04a,97,NETTY,SNAPSHOT,158,2,0,
V16W05A,16w05a,98,NETTY,SNAPSHOT,159,2,0,
V16W05B,16w05b,99,NETTY,SNAPSHOT,160,2,0,
V16W06A,16w06a,100,NETTY,SNAPSHOT,161,2,0,
V16W07A,16w07a,101,NETTY,SNAPSHOT,162,2,0,
V16W07B,16w07b,102,NETTY,SNAPSHOT,163,2,0,
V9_PRE1,1.9-pre1,103,NETTY,PRE_RELEASE,164,2,0,
V9_PRE2,1.9-pre2,104,NETTY,PRE_RELEASE,165,2,0,
V9_PRE3,1.9-pre3,105,NETTY,PRE_RELEASE,167,2,0,
V9_PRE4,1.9-pre4,106,NETTY,PRE_RELEASE,168,2,0,
V9,1.9,107,NETTY,RELEASE,169,2,0,
V9_1_PRE1,1.9.1-pre1,107,NETTY,PRE_RELEASE,170,2,0,
V9_1_PRE2,1.9.1-pre2,108,NETTY,PRE_RELEASE,171,2,0,
V9_1_PRE3,1.9.1-pre3,108,NETTY,PRE_RELEASE,172,2,0,
V1RV_PRE1,1.RV-Pre1,108,NETTY,PRE_RELEASE,173,2,0,"APRIL_FOOLS, 1.RV-Pre1, 1.RV, or the Trendy Update"
V9_1,1.9.1,108,NETTY,RELEASE,175,2,0,
V9_2,1.9.2,108,NETTY,RELEASE,176,2,0,
V16W14A,16w14a,109,NETTY,SNAPSHOT,177,2,0,
V16W15A,16w15a,109,NETTY,SNAPSHOT,178,2,0,
V16W15B,16w15b,109,NETTY,SNAPSHOT,179,2,0,
V9_3_PRE1,1.9.3-pre1,109,NETTY,PRE_RELEASE,180,2,0,
V9_3_PRE2,1.9.3-pre2,110,NETTY,PRE_RELEASE,181,2,0,
V9_3_PRE3,1.9.3-pre3,110,NETTY,PRE_RELEASE,182,2,0,
V9_3,1.9.3,110,NETTY,RELEASE,183,2,0,
V9_4,1.9.4,110,NETTY,RELEASE,184,2,0,
V16W20A,16w20a,201,NETTY,SNAPSHOT,501,2,0,
V16W21A,16w21a,202,NETTY,SNAPSHOT,503,2,0,
V16W21B,16w21b,203,NETTY,SNAPSHOT,504,2,0,
V10_PRE1,1.10-pre1,204,NETTY,PRE_RELEASE,506,2,0,
V10_PRE2,1.10-pre2,205,NETTY,PRE_RELEASE,507,2,0,
V10,1.10,210,NETTY,RELEASE,510,2,0,
V10_1,1.10.1,210,NETTY,RELEASE,511,2,0,
V10_2,1.10.2,210,NETTY,RELEASE,512,2,0,
V16W32A,16w32a,301,NETTY,SNAPSHOT,800,3,0,
V16W32B,16w32b,302,NETTY,SNAPSHOT,801,3,0,
V16W33A,16w33a,303,NETTY,SNAPSHOT,802,3,0,
V16W35A,16w35a,304,NETTY,SNAPSHOT,803,3,0,
V16W36A,16w36a,305,NETTY,SNAPSHOT,805,3,0,
V16W38A,16w38a,306,NETTY,SNAPSHOT,807,3,0,
V16W39A,16w39a,307,NETTY,SNAPSHOT,809,3,0,
V16W39B,16w39b,308,NETTY,SNAPSHOT,811,3,0,
V16W39C,16w39c,309,NETTY,SNAPSHOT,812,3,0,
V16W40A,16w40a,310,NETTY,SNAPSHOT,813,3,0,
V16W41A,16w41a,311,NETTY,SNAPSHOT,814,3,0,
V16W42A,16w42a,312,NETTY,SNAPSHOT,815,3,0,
V16W43A,16w43a,313,NETTY,SNAPSHOT,816,3,0,
V16W44A,16w44a,313,NETTY,SNAPSHOT,817,3,0,
V11_PRE1,1.11-pre1,314,NETTY,PRE_RELEASE,818,3,0,
V11,1.11,315,NETTY,RELEASE,819,3,0,
V16W50A,16w50a,316,NETTY,SNAPSHOT,920,3,0,
V11_1,1.11.1,316,NETTY,RELEASE,921,3,0,
V11_2,1.11.2,316,NETTY,RELEASE,922,3,0,
V17W06A,17w06a,317,NETTY,SNAPSHOT,1022,3,0,
V17W13A,17w13a,318,NETTY,SNAPSHOT,1122,3,0,
V17W13B,17w13b,319,NETTY,SNAPSHOT,1123,3,0,
V17W14A,17w14a,320,NETTY,SNAPSHOT,1124,3,0,
V17W15A,17w15a,321,NETTY,SNAPSHOT,1125,3,0,
V17W16A,17w16a,322,NETTY,SNAPSHOT,1126,3,0,
V17W16B,17w16b,323,NETTY,SNAPSHOT,1127,3,0,
V17W17A,17w17a,324,NETTY,SNAPSHOT,1128,3,0,
V17W17B,17w17b,325,NETTY,SNAPSHOT,1129,3,0,
V17W18A,17w18a,326,NETTY,SNAPSHOT,1130,3,0,
V17W18B,17w18b,327,NETTY,SNAPSHOT,1131,3,0,
V12_PRE1,1.12-pre1,328,NETTY,PRE_RELEASE,1132,3,0,
V12_PRE2,1.12-pre2,329,NETTY,PRE_RELEASE,1133,3,0,
V12_PRE3,1.12-pre3,330,NETTY,PRE_RELEASE,1134,3,0,
V12_PRE4,1.12-pre4,331,NETTY,PRE_RELEASE,1135,3,0,
V12_PRE5,1.12-pre5,332,NETTY,PRE_RELEASE,1136,3,0,
V12_PRE6,1.12-pre6,333,NETTY,PRE_RELEASE,1137,3,0,
V12_PRE7,1.12-pre7,334,NETTY,PRE_RELEASE,1138,3,0,
V12,1.12,335,NETTY,RELEASE,1139,3,0,
V17W31A,17w31a,336,NETTY,SNAPSHOT,1239,3,0,
V12_1_PRE1,1.12.1-pre1,337,NETTY,PRE_RELEASE,1240,3,0,
V12_1,1.12.1,338,NETTY,RELEASE,1241,3,0,
V12_2_PRE1,1.12.2-pre1,339,NETTY,PRE_RELEASE,1341,3,0,
V12_2_PRE2,1.12.2-pre2,339,NETTY,PRE_RELEASE,1342,3,0,
V12_2,1.12.2,340,NETTY,RELEASE,1343,3,0,
V17W43A,17w43a,341,NETTY,SNAPSHOT,1444,3,0,
V17W43B,17w43b,342,NETTY,SNAPSHOT,1445,3,0,
V17W45A,17w45a,343,NETTY,SNAPSHOT,1447,3,0,
V17W45B,17w45b,344,NETTY,SNAPSHOT,1448,3,0,
V17W46A,17w46a,345,NETTY,SNAPSHOT,1449,3,0,
V17W47A,17w47a,346,NETTY,SNAPSHOT,1451,3,0,
V17W47B,17w47b,347,NETTY,SNAPSHOT,1452,3,0,
V17W48A,17w48a,348,NETTY,SNAPSHOT,1453,4,4,
V17W49A,17w49a,349,NETTY,SNAPSHOT,1454,4,4,
V17W49B,17w49b,350,NETTY,SNAPSHOT,1455,4,4,
V17W50A,17w50a,351,NETTY,SNAPSHOT,1457,4,4,
V18W01A,18w01a,352,NETTY,SNAPSHOT,1459,4,4,
V18W02A,18w02a,353,NETTY,SNAPSHOT,1461,4,4,
V18W03A,18w03a,354,NETTY,SNAPSHOT,1462,4,4,
V18W03B,18w03b,355,NETTY,SNAPSHOT,1463,4,4,
V18W05A,18w05a,356,NETTY,SNAPSHOT,1464,4,4,
V18W06A,18w06a,357,NETTY,SNAPSHOT,1466,4,4,
V18W07A,18w07a,358,NETTY,SNAPSHOT,1467,4,4,
V18W07B,18w07b,359,NETTY,SNAPSHOT,1468,4,4,
V18W07C,18w07c,360,NETTY,SNAPSHOT,1469,4,4,
V18W08A,18w08a,361,NETTY,SNAPSHOT,1470,4,4,
V18W08B,18w08b,362,NETTY,SNAPSHOT,1471,4,4,
V18W09A,18w09a,363,NETTY,SNAPSHOT,1472,4,4,
V18W10A,18w10a,364,NETTY,SNAPSHOT,1473,4,4,
V18W10B,18w10b,365,NETTY,SNAPSHOT,1474,4,4,
V18W10C,18w10c,366,NETTY,SNAPSHOT,1476,4,4,
V18W10D,18w10d,367,NETTY,SNAPSHOT,1477,4,4,
V18W11A,18w11a,368,NETTY,SNAPSHOT,1478,4,4,
V18W14A,18w14a,369,NETTY,SNAPSHOT,1479,4,4,
V18W14B,18w14b,370,NETTY,SNAPSHOT,1481,4,4,
V18W15A,18w15a,371,NETTY,SNAPSHOT,1482,4,4,
V18W16A,18w16a,372,NETTY,SNAPSHOT,1483,4,4,
V18W19A,18w19a,373,NETTY,SNAPSHOT,1484,4,4,
V18W19B,18w19b,374,NETTY,SNAPSHOT,1485,4,4,
V18W20A,18w20a,375,NETTY,SNAPSHOT,1489,4,4,
V18W20B,18w20b,376,NETTY,SNAPSHOT,1491,4,4,
V18W20C,18w20c,377,NETTY,SNAPSHOT,1493,4,4,
V18W21A,18w21a,378,NETTY,SNAPSHOT,1495,4,4,
V18W21B,18w21b,379,NETTY,SNAPSHOT,1496,4,4,
V18W22A,18w22a,380,NETTY,SNAPSHOT,1497,4,4,
V18W22B,18w22b,381,NETTY,SNAPSHOT,1498,4,4,
V18W22C,18w22c,382,NETTY,SNAPSHOT,1499,4,4,
V13_PRE1,1.13-pre1,383,NETTY,PRE_RELEASE,1501,4,4,
V13_PRE3,1.13-pre3,385,NETTY,PRE_RELEASE,1502,4,4,
V13_PRE2,1.13-pre2,384,NETTY,PRE_RELEASE,1503,4,4,
V13_PRE4,1.13-pre4,386,NETTY,PRE_RELEASE,1504,4,4,
V13_PRE5,1.13-pre5,387,NETTY,PRE_RELEASE,1511,4,4,
V13_PRE6,1.13-pre6,388,NETTY,PRE_RELEASE,1512,4,4,
V13_PRE7,1.13-pre7,389,NETTY,PRE_RELEASE,1513,4,4,
V13_PRE8,1.13-pre8,390,NETTY,PRE_RELEASE,1516,4,4,
V13_PRE9,1.13-pre9,391,NETTY,PRE_RELEASE,1517,4,4,
V13_PRE10,1.13-pre10,392,NETTY,PRE_RELEASE,1518,4,4,
V13,1.13,393,NETTY,RELEASE,1519,4,4,
V18W30A,18w30a,394,NETTY,SNAPSHOT,1620,4,4,
V18W30B,18w30b,395,NETTY,SNAPSHOT,1621,4,4,
V18W31A,18w31a,396,NETTY,SNAPSHOT,1622,4,4,
V18W32A,18w32a,397,NETTY,SNAPSHOT,1623,4,4,
V18W33A,18w33a,398,NETTY,SNAPSHOT,1625,4,4,
V13_1_PRE1,1.13.1-pre1,399,NETTY,PRE_RELEASE,1626,4,4,
V13_1_PRE2,1.13.1-pre2,400,NETTY,PRE_RELEASE,1627,4,4,
V13_1,1.13.1,401,NETTY,RELEASE,1628,4,4,
V13_2_PRE1,1.13.2-pre1,402,NETTY,PRE_RELEASE,1629,4,4,
V13_2_PRE2,1.13.2-pre2,403,NETTY,PRE_RELEASE,1630,4,4,
V13_2,1.13.2,404,NETTY,RELEASE,1631,4,4,
V18W43A,18w43a,440,NETTY,SNAPSHOT,1901,4,4,
V18W43B,18w43b,441,NETTY,SNAPSHOT,1902,4,4,
V18W43C,18w43c,442,NETTY,SNAPSHOT,1903,4,4,
V18W44A,18w44a,443,NETTY,SNAPSHOT,1907,4,4,
V18W45A,18w45a,444,NETTY,SNAPSHOT,1908,4,4,
V18W46A,18w46a,445,NETTY,SNAPSHOT,1910,4,4,
V18W47A,18w47a,446,NETTY,SNAPSHOT,1912,4,4,
V18W47B,18w47b,447,NETTY,SNAPSHOT,1913,4,4,
V18W48A,18w48a,448,NETTY,SNAPSHOT,1914,4,4,
V18W48B,18w48b,449,NETTY,SNAPSHOT,1915,4,4,
V18W49A,18w49a,450,NETTY,SNAPSHOT,1916,4,4,
V18W50A,18w50a,451,NETTY,SNAPSHOT,1919,4,4,
V19W02A,19w02a,452,NETTY,SNAPSHOT,1921,4,4,
V19W03A,19w03a,453,NETTY,SNAPSHOT,1922,4,4,
V19W03B,19w03b,454,NETTY,SNAPSHOT,1923,4,4,
V19W03C,19w03c,455,NETTY,SNAPSHOT,1924,4,4,
V19W04A,19w04a,456,NETTY,SNAPSHOT,1926,4,4,
V19W04B,19w04b,457,NETTY,SNAPSHOT,1927,4,4,
V19W05A,19w05a,458,NETTY,SNAPSHOT,1930,4,4,
V19W06A,19w06a,459,NETTY,SNAPSHOT,1931,4,4,
V19W07A,19w07a,460,NETTY,SNAPSHOT,1932,4,4,
V19W08A,19w08a,461,NETTY,SNAPSHOT,1933,4,4,
V19W08B,19w08b,462,NETTY,SNAPSHOT,1934,4,4,
V19W09A,19w09a,463,NETTY,SNAPSHOT,1935,4,4,
V19W11A,19w11a,464,NETTY,SNAPSHOT,1937,4,4,
V19W11B,19w11b,465,NETTY,SNAPSHOT,1938,4,4,
V19W12A,19w12a,466,NETTY,SNAPSHOT,1940,4,4,
V19W12B,19w12b,467,NETTY,SNAPSHOT,1941,4,4,
V19W13A,19w13a,468,NETTY,SNAPSHOT,1942,4,4,
V19W13B,19w13b,469,NETTY,SNAPSHOT,1943,4,4,
V3D_SHAREWARE,3D Shareware v1.34,1,NETTY,SNAPSHOT,1943,4,4,APRIL_FOOLS
V19W14A,19w14a,470,NETTY,SNAPSHOT,1944,4,4,
V19W14B,19w14b,471,NETTY,SNAPSHOT,1945,4,4,
V14_PRE1,1.14-pre1,472,NETTY,PRE_RELEASE,1947,4,4,
V14_PRE2,1.14-pre2,473,NETTY,PRE_RELEASE,1948,4,4,
V14_PRE3,1.14-pre3,474,NETTY,PRE_RELEASE,1949,4,4,
V14_PRE4,1.14-pre4,475,NETTY,PRE_RELEASE,1950,4,4,
V14_PRE5,1.14-pre5,476,NETTY,PRE_RELEASE,1951,4,4,
V14,1.14,477,NETTY,RELEASE,1952,4,4,
V14_1_PRE1,1.14.1-pre1,478,NETTY,PRE_RELEASE,1955,4,4,
V14_1_PRE2,1.14.1-pre2,479,NETTY,PRE_RELEASE,1956,4,4,
V14_1,1.14.1,480,NETTY,RELEASE,1957,4,4,
V14_2_PRE1,1.14.2-pre1,481,NETTY,PRE_RELEASE,1958,4,4,
V14_2_PRE2,1.14.2-pre2,482,NETTY,PRE_RELEASE,1959,4,4,
V14_2_PRE3,1.14.2-pre3,483,NETTY,PRE_RELEASE,1960,4,4,
V14_2_PRE4,1.14.2-pre4,484,NETTY,PRE_RELEASE,1962,4,4,
V14_2,1.14.2,485,NETTY,RELEASE,1963,4,4,
V14_3_PRE1,1.14.3-pre1,486,NETTY,PRE_RELEASE,1964,4,4,
V14_3_PRE2,1.14.3-pre2,487,NETTY,PRE_RELEASE,1965,4,4,
V14_3_PRE3,1.14.3-pre3,488,NETTY,PRE_RELEASE,1966,4,4,
V14_3_PRE4,1.14.3-pre4,489,NETTY,PRE_RELEASE,1967,4,4,
V14_3,1.14.3,490,NETTY,RELEASE,1968,4,4,
V14_4_PRE1,1.14.4-pre1,491,NETTY,PRE_RELEASE,1969,4,4,
V14_4_PRE2,1.14.4-pre2,492,NETTY,PRE_RELEASE,1970,4,4,
V14_4_PRE3,1.14.4-pre3,493,NETTY,PRE_RELEASE,1971,4,4,
V14_4_PRE4,1.14.4-pre4,494,NETTY,PRE_RELEASE,1972,4,4,
V14_4_PRE5,1.14.4-pre5,495,NETTY,PRE_RELEASE,1973,4,4,
V14_4_PRE6,1.14.4-pre6,496,NETTY,PRE_RELEASE,1974,4,4,
V14_4_PRE7,1.14.4-pre7,497,NETTY,PRE_RELEASE,1975,4,4,
V14_4,1.14.4,498,NETTY,RELEASE,1976,4,4,
VCOMBAT_TEST,Combat Test ,500,NETTY,SNAPSHOT,2067,4,4,
VCOMBAT_TEST_2,Combat Test 2,501,NETTY,SNAPSHOT,2068,4,4,
VCOMBAT_TEST_3,Combat Test 3,502,NETTY,SNAPSHOT,2069,4,4,
V19W34A,19w34a,550,NETTY,SNAPSHOT,2200,4,4,
V19W35A,19w35a,551,NETTY,SNAPSHOT,2201,4,4,
V19W36A,19w36a,552,NETTY,SNAPSHOT,2203,4,4,
V19W37A,19w37a,553,NETTY,SNAPSHOT,2204,4,4,
V19W38A,19w38a,554,NETTY,SNAPSHOT,2205,4,4,
V19W38B,19w38b,555,NETTY,SNAPSHOT,2206,4,4,
V19W39A,19w39a,556,NETTY,SNAPSHOT,2207,4,4,
V19W40A,19w40a,557,NETTY,SNAPSHOT,2208,4,4,
V19W41A,19w41a,558,NETTY,SNAPSHOT,2210,4,4,
V19W42A,19w42a,559,NETTY,SNAPSHOT,2212,4,4,
V19W44A,19w44a,560,NETTY,SNAPSHOT,2213,4,4,
V19W45A,19w45a,561,NETTY,SNAPSHOT,2214,4,4,
V19W45B,19w45b,562,NETTY,SNAPSHOT,2215,4,4,
V19W46A,19w46a,563,NETTY,SNAPSHOT,2216,4,4,
V19W46B,19w46b,564,NETTY,SNAPSHOT,2217,4,4,
V15_PRE1,1.15-pre1,565,NETTY,PRE_RELEASE,2218,5,5,
V15_PRE2,1.15-pre2,566,NETTY,PRE_RELEASE,2219,5,5,
V15_PRE3,1.15-pre3,567,NETTY,PRE_RELEASE,2220,5,5,
V15_PRE4,1.15-pre4,569,NETTY,PRE_RELEASE,2221,5,5,
V15_PRE5,1.15-pre5,570,NETTY,PRE_RELEASE,2222,5,5,
V15_PRE6,1.15-pre6,571,NETTY,PRE_RELEASE,2223,5,5,
V15_PRE7,1.15-pre7,572,NETTY,PRE_RELEASE,2224,5,5,
V15,1.15,573,NETTY,RELEASE,2225,5,5,
V15_1_PRE1,1.15.1-pre1,574,NETTY,PRE_RELEASE,2226,5,5,
V15_1,1.15.1,575,NETTY,RELEASE,2227,5,5,
V15_2_PRE1,1.15.2-pre1,576,NETTY,PRE_RELEASE,2228,5,5,
V15_2_PRE2,1.15.2-pre2,577,NETTY,PRE_RELEASE,2229,5,5,
V15_2,1.15.2,578,NETTY,RELEASE,2230,5,5,
VCOMBAT_TEST_4,Combat Test 4,600,NETTY,SNAPSHOT,2320,5,5,
VCOMBAT_TEST_5,Combat Test 5,601,NETTY,SNAPSHOT,2321,5,5,
V20W06A,20w06a,701,NETTY,SNAPSHOT,2504,5,5,
V20W07A,20w07a,702,NETTY,SNAPSHOT,2506,5,5,
V20W08A,20w08a,703,NETTY,SNAPSHOT,2507,5,5,
V20W09A,20w09a,704,NETTY,SNAPSHOT,2510,5,5,
V20W10A,20w10a,705,NETTY,SNAPSHOT,2512,5,5,
V20W11A,20w11a,706,NETTY,SNAPSHOT,2513,5,5,
V20W12A,20w12a,707,NETTY,SNAPSHOT,2515,5,5,
V20W13A,20w13a,708,NETTY,SNAPSHOT,2520,5,5,
V20W13B,20w13b,709,NETTY,SNAPSHOT,2521,5,5,
V20W14_INFINITE,20w14âˆž,709,NETTY,SNAPSHOT,2522,5,5,APRIL_FOOLS
V20W14A,20w14a,710,NETTY,SNAPSHOT,2524,5,5,
V20W15A,20w15a,711,NETTY,SNAPSHOT,2525,5,5,
V20W16A,20w16a,712,NETTY,SNAPSHOT,2526,5,5,
V20W17A,20w17a,713,NETTY,SNAPSHOT,2529,5,5,
V20W18A,20w18a,714,NETTY,SNAPSHOT,2532,5,5,
V20W19A,20w19a,715,NETTY,SNAPSHOT,2534,5,5,
V20W20A,20w20a,716,NETTY,SNAPSHOT,2536,5,5,
V20W20B,20w20b,717,NETTY,SNAPSHOT,2537,5,5,
V20W21A,20w21a,718,NETTY,SNAPSHOT,2554,5,5,
V20W22A,20w22a,719,NETTY,SNAPSHOT,2555,5,5,
V16_PRE1,1.16-pre1,721,NETTY,PRE_RELEASE,2556,5,5,
V16_PRE2,1.16-pre2,722,NETTY,PRE_RELEASE,2557,5,5,
V16_PRE3,1.16-pre3,725,NETTY,PRE_RELEASE,2559,5,5,
V16_PRE4,1.16-pre4,727,NETTY,PRE_RELEASE,2560,5,5,
V16_PRE5,1.16-pre5,729,NETTY,PRE_RELEASE,2561,5,5,
V16_PRE6,1.16-pre6,730,NETTY,PRE_RELEASE,2562,5,5,
V16_PRE7,1.16-pre7,732,NETTY,PRE_RELEASE,2563,5,5,
V16_PRE8,1.16-pre8,733,NETTY,PRE_RELEASE,2564,5,5,
V16_RC1,1.16-rc1,734,NETTY,RELEASE_CANDIDATE,2565,5,5,
V16,1.16,735,NETTY,RELEASE,2566,5,5,
V16_1,1.16.1,736,NETTY,RELEASE,2567,5,5,
V20W27A,20w27a,738,NETTY,SNAPSHOT,2569,5,5,
V20W28A,20w28a,740,NETTY,SNAPSHOT,2570,5,5,
V20W29A,20w29a,741,NETTY,SNAPSHOT,2571,5,5,
V20W30A,20w30a,742,NETTY,SNAPSHOT,2572,5,5,
V16_2_PRE1,1.16.2-pre1,744,NETTY,PRE_RELEASE,2573,5,5,
V16_2_PRE2,1.16.2-pre2,746,NETTY,PRE_RELEASE,2574,5,5,
V16_2_PRE3,1.16.2-pre3,748,NETTY,PRE_RELEASE,2575,5,5,
V16_2_RC1,1.16.2-rc1,749,NETTY,RELEASE_CANDIDATE,2576,6,6,
V16_2_RC2,1.16.2-rc2,750,NETTY,RELEASE_CANDIDATE,2577,6,6,
V16_2,1.16.2,751,NETTY,RELEASE,2578,6,6,
V16_3_RC1,1.16.3-rc1,752,NETTY,RELEASE_CANDIDATE,2579,6,6,
V16_3,1.16.3,753,NETTY,RELEASE,2580,6,6,
V16_4_PRE1,1.16.4-pre1,0x40000001,NETTY,PRE_RELEASE,2581,6,6,
V16_4_PRE2,1.16.4-pre2,0x40000002,NETTY,PRE_RELEASE,2582,6,6,
V16_4_RC1,1.16.4-rc1,0x40000003,NETTY,RELEASE_CANDIDATE,2583,6,6,
V16_4,1.16.4,754,NETTY,RELEASE,2584,6,6,
V16_5_RC1,1.16.5-rc1,0x4000000A,NETTY,RELEASE_CANDIDATE,2585,6,6,
V16_5,1.16.5,754,NETTY,RELEASE,2586,6,6,
V20W45A,20w45a,0x40000005,NETTY,SNAPSHOT,2681,7,6,
V20W46A,20w46a,0x40000006,NETTY,SNAPSHOT,2682,7,7,
V20W48A,20w48a,0x40000007,NETTY,SNAPSHOT,2683,7,7,
V20W49A,20w49a,0x40000008,NETTY,SNAPSHOT,2685,7,7,
V20W51A,20w51a,0x40000009,NETTY,SNAPSHOT,2687,7,7,
V21W03A,21w03a,0x4000000B,NETTY,SNAPSHOT,2689,7,7,
V21W05A,21w05a,0x4000000C,NETTY,SNAPSHOT,2690,7,7,
V21W05B,21w05b,0x4000000D,NETTY,SNAPSHOT,2692,7,7,
V21W06A,21w06a,0x4000000E,NETTY,SNAPSHOT,2694,7,7,
V21W07A,21w07a,0x4000000F,NETTY,SNAPSHOT,2695,7,7,
V21W08A,21w08a,0x40000010,NETTY,SNAPSHOT,2697,7,7,
V21W08B,21w08b,0x40000011,NETTY,SNAPSHOT,2698,7,7,
V21W10A,21w10a,0x40000012,NETTY,SNAPSHOT,2699,7,7,
VCOMBAT_TEST_6,Combat Test 6,801,NETTY,SNAPSHOT,2701,6,6,
VCOMBAT_TEST_7,Combat Test 7,802,NETTY,SNAPSHOT,2702,6,6,
V21W11A,21w11a,0x40000013,NETTY,SNAPSHOT,2703,7,7,
VCOMBAT_TEST_7B,Combat Test 7b,802,NETTY,SNAPSHOT,2703,6,6,
VCOMBAT_TEST_7C,Combat Test 7c,802,NETTY,SNAPSHOT,2704,6,6,
V21W13A,21w13a,0x40000014,NETTY,SNAPSHOT,2705,7,7,
VCOMBAT_TEST_8,Combat Test 8,803,NETTY,SNAPSHOT,2705,6,6,
V21W14A,21w14a,0x40000015,NETTY,SNAPSHOT,2706,7,7,
VCOMBAT_TEST_8B,Combat Test 8b,803,NETTY,SNAPSHOT,2706,6,6,
VCOMBAT_TEST_8C,Combat Test 8c,803,NETTY,SNAPSHOT,2707,6,6,
V21W15A,21w15a,0x40000016,NETTY,SNAPSHOT,2709,7,7,
V21W16A,21w16a,0x40000017,NETTY,SNAPSHOT,2711,7,7,
V21W17A,21w17a,0x40000019,NETTY,SNAPSHOT,2712,7,7,
V21W18A,21w18a,0x4000001A,NETTY,SNAPSHOT,2713,7,7,
V21W19A,21w19a,0x4000001B,NETTY,SNAPSHOT,2714,7,7,
V21W20A,21w20a,0x4000001C,NETTY,SNAPSHOT,2715,7,7,
V17_PRE1,1.17-pre1,0x4000001D,NETTY,PRE_RELEASE,2716,7,7,
V17_PRE2,1.17-pre2,0x4000001E,NETTY,PRE_RELEASE,2718,7,7,
V17_PRE3,1.17-pre3,0x4000001F,NETTY,PRE_RELEASE,2719,7,7,
V17_PRE4,1.17-pre4,0x40000020,NETTY,PRE_RELEASE,2720,7,7,
V17_PRE5,1.17-pre5,0x40000021,NETTY,PRE_RELEASE,2721,7,7,
V17_RC1,1.17-rc1,0x40000022,NETTY,RELEASE_CANDIDATE,2722,7,7,
V17_RC2,1.17-rc2,0x40000023,NETTY,RELEASE_CANDIDATE,2723,7,7,
V17,1.17,755,NETTY,RELEASE,2724,7,7,
V17_1_PRE1,1.17.1-pre1,0x40000024,NETTY,PRE_RELEASE,2725,7,7,
V17_1_PRE2,1.17.1-pre2,0x40000025,NETTY,PRE_RELEASE,2726,7,7,
V17_1_PRE3,1.17.1-pre3,0x40000026,NETTY,PRE_RELEASE,2727,7,7,
V17_1_RC1,1.17.1-rc1,0x40000027,NETTY,RELEASE_CANDIDATE,2728,7,7,
V17_1_RC2,1.17.1-rc2,0x40000028,NETTY,RELEASE_CANDIDATE,2729,7,7,
V17_1,1.17.1,756,NETTY,RELEASE,2730,7,7,
V18_EXP1,1_18_experimental-snapshot-1,0x40000029,NETTY,EXP_SNAPSHOT,2825,7,7,
V18_EXP2,1_18_experimental-snapshot-2,0x4000002A,NETTY,EXP_SNAPSHOT,2826,7,7,
V18_EXP3,1_18_experimental-snapshot-3,0x4000002B,NETTY,EXP_SNAPSHOT,2827,7,7,
V18_EXP4,1_18_experimental-snapshot-4,0x4000002C,NETTY,EXP_SNAPSHOT,2828,7,7,
V18_EXP5,1_18_experimental-snapshot-5,0x4000002D,NETTY,EXP_SNAPSHOT,2829,7,7,
V18_EXP6,1_18_experimental-snapshot-6,0x4000002E,NETTY,EXP_SNAPSHOT,2830,7,7,
V18_EXP7,1_18_experimental-snapshot-7,0x4000002F,NETTY,EXP_SNAPSHOT,2831,7,7,
V21W37A,21w37a,0x40000029,NETTY,SNAPSHOT,2834,7,8,
V21W38A,21w38a,0x4000002A,NETTY,SNAPSHOT,2835,7,8,
V21W39A,21w39a,0x4000002B,NETTY,SNAPSHOT,2836,8,8,
V21W40A,21w40a,0x4000002C,NETTY,SNAPSHOT,2838,8,8,
V21W41A,21w41a,0x4000002D,NETTY,SNAPSHOT,2839,8,8,
V21W42A,21w42a,0x4000002E,NETTY,SNAPSHOT,2840,8,8,
V21W43A,21w43a,0x4000002F,NETTY,SNAPSHOT,2844,8,8,
V21W44A,21w44a,0x40000030,NETTY,SNAPSHOT,2845,8,8,
V18_PRE1,1.18-pre1,0x40000031,NETTY,PRE_RELEASE,2847,8,8,
V18_PRE2,1.18-pre2,0x40000032,NETTY,PRE_RELEASE,2848,8,8,
V18_PRE3,1.18-pre3,0x40000033,NETTY,PRE_RELEASE,2849,8,8,
V18_PRE4,1.18-pre4,0x40000034,NETTY,PRE_RELEASE,2850,8,8,
V18_PRE5,1.18-pre5,0x40000035,NETTY,PRE_RELEASE,2851,8,8,
V18_PRE6,1.18-pre6,0x40000036,NETTY,PRE_RELEASE,2853,8,8,
V18_PRE7,1.18-pre7,0x40000037,NETTY,PRE_RELEASE,2854,8,8,
V18_PRE8,1.18-pre8,0x40000038,NETTY,PRE_RELEASE,2855,8,8,
V18_RC1,1.18-rc1,0x40000039,NETTY,RELEASE_CANDIDATE,2856,8,8,
V18_RC2,1.18-rc2,0x4000003A,NETTY,RELEASE_CANDIDATE,2857,8,8,
V18_RC3,1.18-rc3,0x4000003B,NETTY,RELEASE_CANDIDATE,2858,8,8,
V18_RC4,1.18-rc4,0x4000003C,NETTY,RELEASE_CANDIDATE,2859,8,8,
V18,1.18,757,NETTY,RELEASE,2860,8,8,
V18_1_PRE1,1.18.1-pre1,0x4000003D,NETTY,PRE_RELEASE,2861,8,8,
V18_1_RC1,1.18.1-rc1,0x4000003E,NETTY,RELEASE_CANDIDATE,2862,8,8,
V18_1_RC2,1.18.1-rc2,0x4000003F,NETTY,RELEASE_CANDIDATE,2863,8,8,
V18_1_RC3,1.18.1-rc3,0x40000040,NETTY,RELEASE_CANDIDATE,2864,8,8,
V18_1,1.18.1,757,NETTY,RELEASE,2865,8,8,
V22W03A,22w03a,0x40000041,NETTY,SNAPSHOT,2966,8,8,
V22W05A,22w05a,0x40000042,NETTY,SNAPSHOT,2967,8,8,
V22W06A,22w06a,0x40000043,NETTY,SNAPSHOT,2968,8,8,
V22W07A,22w07a,0x40000044,NETTY,SNAPSHOT,2969,8,8,
V18_2_PRE1,1.18.2-pre1,0x40000046,NETTY,PRE_RELEASE,2971,8,9,
V18_2_PRE2,1.18.2-pre2,0x40000047,NETTY,PRE_RELEASE,2972,8,9,
V18_2_PRE3,1.18.2-pre3,0x40000048,NETTY,PRE_RELEASE,2973,8,9,
V18_2_RC1,1.18.2-rc1,0x40000049,NETTY,RELEASE_CANDIDATE,2974,8,9,
V18_2,1.18.2,758,NETTY,RELEASE,2975,8,9,
V19_EXP1,1_19_experimental-snapshot-1,0x40000045,NETTY,EXP_SNAPSHOT,3066,8,8,
V22W11A,22w11a,0x4000004A,NETTY,SNAPSHOT,3080,9,10,
V22W12A,22w12a,0x4000004B,NETTY,SNAPSHOT,3082,9,10,
V22W13A,22w13a,0x4000004C,NETTY,SNAPSHOT,3085,9,10,
V22W13_ONE_BLOCK_AT_A_TIME,22w13oneBlockAtATime,0x4000004D,NETTY,SNAPSHOT,3076,8,9,APRIL_FOOLS
V22W14A,22w14a,0x4000004E,NETTY,SNAPSHOT,3088,9,10,
V22W15A,22w15a,0x4000004F,NETTY,SNAPSHOT,3089,9,10,
V22W16A,22w16a,0x40000050,NETTY,SNAPSHOT,3091,9,10,
V22W16B,22w16b,0x40000051,NETTY,SNAPSHOT,3092,9,10,
V22W17A,22w17a,0x40000052,NETTY,SNAPSHOT,3093,9,10,
V22W18A,22w18a,0x40000053,NETTY,SNAPSHOT,3095,9,10,
V22W19A,22w19a,0x40000054,NETTY,SNAPSHOT,3096,9,10,
V19_PRE1,1.19-pre1,0x40000055,NETTY,PRE_RELEASE,3098,9,10,
V19_PRE2,1.19-pre2,0x40000056,NETTY,PRE_RELEASE,3099,9,10,
V19_PRE3,1.19-pre3,0x40000057,NETTY,PRE_RELEASE,3100,9,10,
V19_PRE4,1.19-pre4,0x40000058,NETTY,PRE_RELEASE,3101,9,10,
V19_PRE5,1.19-pre5,0x40000059,NETTY,PRE_RELEASE,3102,9,10,
V19_RC1,1.19-rc1,0x4000005A,NETTY,RELEASE_CANDIDATE,3103,9,10,
V19_RC2,1.19-rc2,0x4000005B,NETTY,RELEASE_CANDIDATE,3104,9,10,
V19,1.19,759,NETTY,RELEASE,3105,9,10,
V22W24A,22w24a,0x4000005C,NETTY,SNAPSHOT,3106,9,10,
V19_1_PRE1,1.19.1-pre1,0x4000005D,NETTY,PRE_RELEASE,3107,9,10,
V19_1_RC1,1.19.1-rc1,0x4000005E,NETTY,RELEASE_CANDIDATE,3109,9,10,
V19_1_PRE2,1.19.1-pre2,0x4000005F,NETTY,PRE_RELEASE,3110,9,10,
V19_1_PRE3,1.19.1-pre3,0x40000060,NETTY,PRE_RELEASE,3111,9,10,
V19_1_PRE4,1.19.1-pre4,0x40000061,NETTY,PRE_RELEASE,3112,9,10,
V19_1_PRE5,1.19.1-pre5,0x40000062,NETTY,PRE_RELEASE,3113,9,10,
V19_1_PRE6,1.19.1-pre6,0x40000063,NETTY,PRE_RELEASE,3114,9,10,
V19_1_RC2,1.19.1-rc2,0x40000064,NETTY,RELEASE_CANDIDATE,3115,9,10,
V19_1_RC3,1.19.1-rc3,0x40000065,NETTY,RELEASE_CANDIDATE,3116,9,10,
V19_1,1.19.1,760,NETTY,RELEASE,3117,9,10,
V19_2_RC1,1.19.2-rc1,0x40000066,NETTY,RELEASE_CANDIDATE,3118,9,10,
V19_2_RC2,1.19.2-rc2,0x40000067,NETTY,RELEASE_CANDIDATE,3119,9,10,
V19_2,1.19.2,760,NETTY,RELEASE,3120,9,10,
V22W42A,22w42a,0x40000068,NETTY,SNAPSHOT,3205,11,10,
V22W43A,22w43a,0x40000069,NETTY,SNAPSHOT,3206,11,10,
V22W44A,22w44a,0x4000006A,NETTY,SNAPSHOT,3207,11,10,
V22W45A,22w45a,0x4000006B,NETTY,SNAPSHOT,3208,12,10,
V22W46A,22w46a,0x4000006C,NETTY,SNAPSHOT,3210,12,10,
V19_3_PRE1,1.19.3-pre1,0x4000006D,NETTY,PRE_RELEASE,3211,12,10,
V19_3_PRE2,1.19.3-pre2,0x4000006E,NETTY,PRE_RELEASE,3212,12,10,
V19_3_PRE3,1.19.3-pre3,0x4000006F,NETTY,PRE_RELEASE,3213,12,10,
V19_3_RC1,1.19.3-rc1,0x40000070,NETTY,RELEASE_CANDIDATE,3215,12,10,
V19_3_RC2,1.19.3-rc2,0x40000071,NETTY,RELEASE_CANDIDATE,3216,12,10,
V19_3_RC3,1.19.3-rc3,0x40000072,NETTY,RELEASE_CANDIDATE,3217,12,10,
V19_3,1.19.3,761,NETTY,RELEASE,3218,12,10,
V23W03A,23w03a,0x40000073,NETTY,SNAPSHOT,3320,12,11,
V23W04A,23w04a,0x40000074,NETTY,SNAPSHOT,3321,12,11,
V23W05A,23w05a,0x40000075,NETTY,SNAPSHOT,3323,12,11,
V23W06A,23w06a,0x40000076,NETTY,SNAPSHOT,3326,12,12,
V23W07A,23w07a,0x40000077,NETTY,SNAPSHOT,3329,12,12,
V19_4_PRE1,1.19.4-pre1,0x40000078,NETTY,PRE_RELEASE,3330,13,12,
V19_4_PRE2,1.19.4-pre2,0x40000079,NETTY,PRE_RELEASE,3331,13,12,
V19_4_PRE3,1.19.4-pre3,0x4000007A,NETTY,PRE_RELEASE,3332,13,12,
V19_4_PRE4,1.19.4-pre4,0x4000007B,NETTY,PRE_RELEASE,3333,13,12,
V19_4_RC1,1.19.4-rc1,0x4000007C,NETTY,RELEASE_CANDIDATE,3334,13,12,
V19_4_RC2,1.19.4-rc2,0x4000007D,NETTY,RELEASE_CANDIDATE,3335,13,12,
V19_4_RC3,1.19.4-rc3,0x4000007E,NETTY,RELEASE_CANDIDATE,3336,13,12,
V19_4,1.19.4,762,NETTY,RELEASE,3337,13,12,
V23W12A,23w12a,0x4000007F,NETTY,SNAPSHOT,3442,13,13,
V23W13A,23w13a,0x40000080,NETTY,SNAPSHOT,3443,13,13,
V23W13A_OR_B,23w13a_or_b,0x40000081,NETTY,SNAPSHOT,3444,13,13,APRIL_FOOLS
V23W14A,23w14a,0x40000082,NETTY,SNAPSHOT,3445,14,13,
V23W16A,23w16a,0x40000083,NETTY,SNAPSHOT,3449,14,14,
V23W17A,23w17a,0x40000084,NETTY,SNAPSHOT,3452,15,14,
V23W18A,23w18a,0x40000085,NETTY,SNAPSHOT,3453,15,15,
V20_PRE1,1.20-pre1,0x40000086,NETTY,PRE_RELEASE,3454,15,15,
V20_PRE2,1.20-pre2,0x40000087,NETTY,PRE_RELEASE,3455,15,15,
V20_PRE3,1.20-pre3,0x40000088,NETTY,PRE_RELEASE,3456,15,15,
V20_PRE4,1.20-pre4,0x40000089,NETTY,PRE_RELEASE,3457,15,15,
V20_PRE5,1.20-pre5,0x4000008A,NETTY,PRE_RELEASE,3458,15,15,
V20_PRE6,1.20-pre6,0x4000008B,NETTY,PRE_RELEASE,3460,15,15,
V20_PRE7,1.20-pre7,0x4000008C,NETTY,PRE_RELEASE,3461,15,15,
V20_RC1,1.20-rc1,0x4000008D,NETTY,RELEASE_CANDIDATE,3462,15,15,
V20,1.20,763,NETTY,RELEASE,3463,15,15,
V20_1_RC1,1.20.1-rc1,0x4000008E,NETTY,RELEASE_CANDIDATE,3464,15,15,
V20_1,1.20.1,763,NETTY,RELEASE,3465,15,15,
V23W31A,23w31a,0x40000090,NETTY,SNAPSHOT,3567,16,16,
V23W32A,23w32a,0x40000091,NETTY,SNAPSHOT,3569,17,17,
V23W33A,23w33a,0x40000092,NETTY,SNAPSHOT,3570,17,17,
V23W35A,23w35a,0x40000093,NETTY,SNAPSHOT,3571,17,17,
V20_2_PRE1,1.20.2-pre1,0x40000094,NETTY,PRE_RELEASE,3572,17,18,
V20_2_PRE2,1.20.2-pre2,0x40000095,NETTY,PRE_RELEASE,3573,18,18,
V20_2_PRE3,1.20.2-pre3,0x40000096,NETTY,PRE_RELEASE,3574,18,18,
V20_2_PRE4,1.20.2-pre4,0x40000097,NETTY,PRE_RELEASE,3575,18,18,
V20_2_RC1,1.20.2-rc1,0x40000098,NETTY,RELEASE_CANDIDATE,3576,18,18,
V20_2_RC2,1.20.2-rc2,0x40000099,NETTY,RELEASE_CANDIDATE,3577,18,18,
V20_2,1.20.2,764,NETTY,RELEASE,3578,18,18,
V23W40A,23w40a,0x4000009A,NETTY,SNAPSHOT,3679,18,19,
V23W41A,23w41a,0x4000009C,NETTY,SNAPSHOT,3681,18,20,
V23W42A,23w42a,0x4000009D,NETTY,SNAPSHOT,3684,19,21,
V23W43A,23w43a,0x4000009F,NETTY,SNAPSHOT,3686,20,22,
V23W43B,23w43b,0x400000A0,NETTY,SNAPSHOT,3687,20,22,
V23W44A,23w44a,0x400000A1,NETTY,SNAPSHOT,3688,20,23,
V23W45A,23w45a,0x400000A2,NETTY,SNAPSHOT,3690,21,24,
V23W46A,23w46a,0x400000A3,NETTY,SNAPSHOT,3691,21,25,
V20_3_PRE1,1.20.3-pre1,0x400000A4,NETTY,PRE_RELEASE,3693,22,26,
V20_3_PRE2,1.20.3-pre2,0x400000A5,NETTY,PRE_RELEASE,3694,22,26,
V20_3_PRE3,1.20.3-pre3,0x400000A6,NETTY,PRE_RELEASE,3695,22,26,
V20_3_PRE4,1.20.3-pre4,0x400000A7,NETTY,PRE_RELEASE,3696,22,26,
V20_3_RC1,1.20.3-rc1,0x400000A8,NETTY,RELEASE_CANDIDATE,3697,22,26,
V20_3,1.20.3,765,NETTY,RELEASE,3698,22,26,
V20_4_RC1,1.20.4-rc1,0x400000A9,NETTY,RELEASE_CANDIDATE,3699,22,26,
V20_4,1.20.4,765,NETTY,RELEASE,3700,22,26,
V23W51A,23w51a,0x400000A9,NETTY,SNAPSHOT,3801,22,27,
V23W51B,23w51b,0x400000AA,NETTY,SNAPSHOT,3802,22,27,
V24W03A,24w03a,0x400000AB,NETTY,SNAPSHOT,3804,24,28,
V24W03B,24w03b,0x400000AC,NETTY,SNAPSHOT,3805,24,28,
V24W04A,24w04a,0x400000AD,NETTY,SNAPSHOT,3806,24,29,
V24W05A,24w05a,0x400000AD,NETTY,SNAPSHOT,3809,25,30,
V24W05B,24w05b,0x400000AF,NETTY,SNAPSHOT,3811,25,30,
V24W06A,24w06a,0x400000B0,NETTY,SNAPSHOT,3815,26,31,
V24W07A,24w07a,0x400000B1,NETTY,SNAPSHOT,3817,26,32,
V24W09A,24w09a,0x400000B2,NETTY,SNAPSHOT,3819,28,33,
V24W10A,24w10a,0x400000B3,NETTY,SNAPSHOT,3821,28,34,
V24W11A,24w11a,0x400000B4,NETTY,SNAPSHOT,3823,29,35,
V24W12A,24w12a,0x400000B5,NETTY,SNAPSHOT,3824,30,36,
V24W13A,24w13a,0x400000B6,NETTY,SNAPSHOT,3826,31,37,
V24W14_POTATO,24w14potato,0x400000B7,NETTY,SNAPSHOT,3824,30,36,APRIL_FOOLS
V24W14A,24w14a,0x400000B8,NETTY,SNAPSHOT,3827,31,38,
V20_5_PRE1,1.20.5-pre1,0x400000B9,NETTY,PRE_RELEASE,3829,31,39,
V20_5_PRE2,1.20.5-pre2,0x400000BA,NETTY,PRE_RELEASE,3830,31,40,
V20_5_PRE3,1.20.5-pre3,0x400000BB,NETTY,PRE_RELEASE,3831,31,41,
V20_5_PRE4,1.20.5-pre4,0x400000BC,NETTY,PRE_RELEASE,3832,32,41,
V20_5_RC1,1.20.5-rc1,0x400000BD,NETTY,RELEASE_CANDIDATE,3834,32,41,
V20_5_RC2,1.20.5-rc2,0x400000BE,NETTY,RELEASE_CANDIDATE,3835,32,41,
V20_5_RC3,1.20.5-rc3,0x400000BF,NETTY,RELEASE_CANDIDATE,3836,32,41,
V20_5,1.20.5,766,NETTY,RELEASE,3837,32,41,
V20_6_RC1,1.20.6-rc1,0x400000C0,NETTY,RELEASE_CANDIDATE,3838,32,41,
V20_6,1.20.6,766,NETTY,RELEASE,3839,32,41,
V24W18A,24w18a,0x400000C1,NETTY,SNAPSHOT,3940,33,42,
V24W19A,24w19a,0x400000C2,NETTY,SNAPSHOT,3941,33,43,
V24W19B,24w19b,0x400000C3,NETTY,SNAPSHOT,3942,33,43,
V24W20A,24w20a,0x400000C4,NETTY,SNAPSHOT,3944,33,44,
V24W21A,24w21a,0x400000C5,NETTY,SNAPSHOT,3946,34,45,
V24W21B,24w21b,0x400000C6,NETTY,SNAPSHOT,3947,34,45,
V21_PRE1,1.21-pre1,0x400000C7,NETTY,PRE_RELEASE,3948,34,46,
V21_PRE2,1.21-pre2,0x400000C8,NETTY,PRE_RELEASE,3949,34,47,
V21_PRE3,1.21-pre3,0x400000C9,NETTY,PRE_RELEASE,3950,34,48,
V21_PRE4,1.21-pre4,0x400000CA,NETTY,PRE_RELEASE,3951,34,48,
V21_RC1,1.21-rc1,0x400000CB,NETTY,RELEASE_CANDIDATE,3952,34,48,
V21,1.21,767,NETTY,RELEASE,3953,34,48,
V21_1_RC1,1.21.1-rc1,0x400000CC,NETTY,RELEASE_CANDIDATE,3954,34,48,
V21_1,1.21.1,767,NETTY,RELEASE,3955,34,48,
V24W33A,24w33a,0x400000CD,NETTY,SNAPSHOT,4058,35,49,
V24W34A,24w34a,0x400000CE,NETTY,SNAPSHOT,4060,36,50,
V24W35A,24w35a,0x400000CF,NETTY,SNAPSHOT,4062,36,51,
V24W36A,24w36a,0x400000D0,NETTY,SNAPSHOT,4063,37,52,
V24W37A,24w37a,0x400000D1,NETTY,SNAPSHOT,4065,38,53,
V24W38A,24w38a,0x400000D2,NETTY,SNAPSHOT,4066,39,54,
V24W39A,24w39a,0x400000D3,NETTY,SNAPSHOT,4069,39,55,
V24W40A,24w40a,0x400000D4,NETTY,SNAPSHOT,4072,40,56,
V21_2_PRE1,1.21.2-pre1,0x400000D5,NETTY,PRE_RELEASE,4073,41,57,
V21_2_PRE2,1.21.2-pre2,0x400000D6,NETTY,PRE_RELEASE,4074,41,57,
V21_2_PRE3,1.21.2-pre3,0x400000D7,NETTY,PRE_RELEASE,4075,42,57,
V21_2_PRE4,1.21.2-pre4,0x400000D8,NETTY,PRE_RELEASE,4076,42,57,
V21_2_PRE5,1.21.2-pre5,0x400000D9,NETTY,PRE_RELEASE,4077,42,57,
V21_2_RC1,1.21.2-rc1,0x400000DA,NETTY,RELEASE_CANDIDATE,4078,42,57,
V21_2_RC2,1.21.2-rc2,0x400000DB,NETTY,RELEASE_CANDIDATE,4079,42,57,
V21_2,1.21.2,768,NETTY,RELEASE,4080,42,57,
V21_3,1.21.3,768,NETTY,RELEASE,4082,42,57,
V24W44A,24w44a,0x400000DC,NETTY,SNAPSHOT,4174,43,58,
V24W45A,24w45a,0x400000DD,NETTY,SNAPSHOT,4177,44,59,
V24W46A,24w46a,0x400000DE,NETTY,SNAPSHOT,4178,45,60,
V21_4_PRE1,1.21.4-pre1,0x400000DF,NETTY,PRE_RELEASE,4179,46,60,
V21_4_PRE2,1.21.4-pre2,0x400000E0,NETTY,PRE_RELEASE,4182,46,61,
V21_4_PRE3,1.21.4-pre3,0x400000E1,NETTY,PRE_RELEASE,4183,46,61,
V21_4_RC1,1.21.4-rc1,0x400000E2,NETTY,RELEASE_CANDIDATE,4184,46,61,
V21_4_RC2,1.21.4-rc2,0x400000E3,NETTY,RELEASE_CANDIDATE,4186,46,61,
V21_4_RC3,1.21.4-rc3,0x400000E4,NETTY,RELEASE_CANDIDATE,4188,46,61,
V21_4,1.21.4,769,NETTY,RELEASE,4189,46,61,
V25W02A,25w02a,0x400000E5,NETTY,SNAPSHOT,4298,47,62,
V25W03A,25w03a,0x400000E6,NETTY,SNAPSHOT,4304,48,63,
V25W04A,25w04a,0x400000E7,NETTY,SNAPSHOT,4308,49,64,
V25W05A,25w05a,0x400000E8,NETTY,SNAPSHOT,4310,50,65,
V25W06A,25w06a,0x400000E9,NETTY,SNAPSHOT,4313,51,66,
V25W07A,25w07a,0x400000EA,NETTY,SNAPSHOT,4315,52,67,
V25W08A,25w08a,0x400000EB,NETTY,SNAPSHOT,4316,53,68,
V25W09A,25w09a,0x400000EC,NETTY,SNAPSHOT,4317,53,69,
V25W09B,25w09b,0x400000ED,NETTY,SNAPSHOT,4318,53,69,
V25W10A,25w10a,0x400000EE,NETTY,SNAPSHOT,4319,54,70,
V21_5_PRE1,1.21.5-pre1,0x400000EF,NETTY,PRE_RELEASE,4320,55,70,
