readable,version,protocol,protocol_type,snapshot,notes
header-PreClassic,,,,,
RD_132211,rd-132211,,,,
RD_132328,rd-132328,,,,
RD_20090515,rd-20090515,,,,
RD_160052,rd-160052,,,,
RD_161348,rd-161348,,,,
header-Classic,,,,,
CMC_161607,mc-161607,,,,
CMC_161616,mc-161616,,,,
CMC_161625,mc-161625,,,,
CMC_161648,mc-161648,,,,
C0_0_2A,0.0.2a,,,,
C0_0_3A,0.0.3a,,,,
C0_0_9A,0.0.9a,,,,
C0_0_10A,0.0.10a,,,,
C0_0_11A,0.0.11a,,,,
C0_0_12A_D,0.0.12a/Development,,,,
C0_0_12A,0.0.12a,,,,
C0_0_12A_01,0.0.12a_01,,,,
C0_0_12A_02,0.0.12a_02,,,,
C0_0_12A_03,0.0.12a_03,,,,
C0_0_13A_D,0.0.13a/Development,,,,
C0_0_13A,0.0.13a,,,,
C0_0_13A_03,0.0.13a_03,,,,
C0_0_14A_D,0.0.14a/Development,,,,
C0_0_14A,0.0.14a,,,,
C0_0_14A_01,0.0.14a_01,,,,
C0_0_14A_03,0.0.14a_03,,,,
C0_0_14A_04,0.0.14a_04,,,,
C0_0_14A_05,0.0.14a_05,,,,
C0_0_14A_06,0.0.14a_06,,,,
C0_0_14A_07,0.0.14a_07,,,,
C0_0_14A_08,0.0.14a_08,,,,
C0_0_15A_D,0.0.15a/Development,,,,
C0_0_15A_M1,0.0.15a (Multiplayer Test 1),,,,
C0_0_15A_M2,0.0.15a (Multiplayer Test 2),,,,
C0_0_15A_M3,0.0.15a (Multiplayer Test 3),,,,
C0_0_15A_M4,0.0.15a (Multiplayer Test 4),,,,
C0_0_15A_M5,0.0.15a (Multiplayer Test 5),,,,
C0_0_15A_M6,0.0.15a (Multiplayer Test 6),,,,
C0_0_15A_M7,0.0.15a (Multiplayer Test 7),,,,
C0_0_15A_M8,0.0.15a (Multiplayer Test 8),,,,
C0_0_15A_01,0.0.15a_01,,,,
C0_0_15A_02,0.0.15a_02,,,,
C0_0_15A_03,0.0.15a_03,,,,
C0_0_16A,0.0.16a,,,,
C_SERVER_1_0,server 1.0,,,,Server for 0.0.16a
C0_0_16A_01,0.0.16a_01,,,,
C_SERVER_1_1,server 1.1,,,,Server for 0.0.16a_01
C0_0_16A_02,0.0.16a_02,3,PRE_PRE_NETTY,,
C_SERVER_1_2,server 1.2,3,PRE_PRE_NETTY,,Server for 0.0.16a_02
C0_0_17A,0.0.17a,4,PRE_PRE_NETTY,,
C_SERVER_1_3,server 1.3,4,PRE_PRE_NETTY,,Server for 0.0.17a
C0_0_18A,0.0.18a,4,PRE_PRE_NETTY,,
C_SERVER_1_4,server 1.4,4,PRE_PRE_NETTY,,Server for 0.0.18a
C0_0_18A_01,0.0.18a_01,4,PRE_PRE_NETTY,,
C_SERVER_1_4_1,server 1.4.1,4,PRE_PRE_NETTY,,Server for 0.0.18a_01
C0_0_18A_02,0.0.18a_02,4,PRE_PRE_NETTY,,
C0_0_19A,0.0.19a,5,PRE_PRE_NETTY,,
C_SERVER_1_5,server 1.5,5,PRE_PRE_NETTY,,Server for 0.0.19a
C0_0_19A_02,0.0.19a_02,5,PRE_PRE_NETTY,,
C0_0_19A_01,0.0.19a_01,5,PRE_PRE_NETTY,,
C_SERVER_1_6,server 1.6,5,PRE_PRE_NETTY,,Server for 0.0.19a_01
C0_0_19A_03,0.0.19a_03,5,PRE_PRE_NETTY,,
C0_0_19A_04,0.0.19a_04,5,PRE_PRE_NETTY,,
C0_0_19A_05,0.0.19a_05,5,PRE_PRE_NETTY,,
C0_0_19A_06,0.0.19a_06,5,PRE_PRE_NETTY,,
C_SERVER_1_7,server 1.7,5,PRE_PRE_NETTY,,Server for 0.0.19a_06
C0_0_20A,0.0.20a,6,PRE_PRE_NETTY,,
C_SERVER_1_8,server 1.8,6,PRE_PRE_NETTY,,Server for 0.0.20a
C_SERVER_1_8_1,server 1.8.1,6,PRE_PRE_NETTY,,Server for 0.0.20a
C0_0_20A_01,0.0.20a_01,6,PRE_PRE_NETTY,,
C_SERVER_1_8_2,server 1.8.2,6,PRE_PRE_NETTY,,Server for 0.0.20a_01 - 0.0.23a_01
C0_0_20A_02,0.0.20a_02,6,PRE_PRE_NETTY,,
C0_0_21A,0.0.21a,6,PRE_PRE_NETTY,,
C0_0_21A_01,0.0.21a_01,6,PRE_PRE_NETTY,,
C0_0_22A,0.0.22a,6,PRE_PRE_NETTY,,
C0_0_22A_01,0.0.22a_01,6,PRE_PRE_NETTY,,
C0_0_22A_02,0.0.22a_02,6,PRE_PRE_NETTY,,
C0_0_22A_03,0.0.22a_03,6,PRE_PRE_NETTY,,
C0_0_22A_04,0.0.22a_04,6,PRE_PRE_NETTY,,
C0_0_22A_05,0.0.22a_05,6,PRE_PRE_NETTY,,
C0_0_23A,0.0.23a,6,PRE_PRE_NETTY,,
C0_0_23A_01,0.0.23a_01,6,PRE_PRE_NETTY,,
C0_0_24_D,0.24 SURVIVAL TEST/Development,6,PRE_PRE_NETTY,,
C0_0_24,0.24_SURVIVAL_TEST,6,PRE_PRE_NETTY,,
C0_0_24_01,0.24_SURVIVAL_TEST_01,6,PRE_PRE_NETTY,,
C0_0_24_02,0.24_SURVIVAL_TEST_02,6,PRE_PRE_NETTY,,
C0_0_24_03,0.24_SURVIVAL_TEST_03,6,PRE_PRE_NETTY,,
C0_0_25,0.25 SURVIVAL_TEST,6,PRE_PRE_NETTY,,
C0_0_25_01,0.25_SURVIVAL_TEST_01,6,PRE_PRE_NETTY,,
C0_0_25_02,0.25_SURVIVAL_TEST_02,6,PRE_PRE_NETTY,,
C0_0_25_03,0.25_SURVIVAL_TEST_03,6,PRE_PRE_NETTY,,
C0_0_25_05,0.25_SURVIVAL_TEST_05,6,PRE_PRE_NETTY,,
C0_0_26_D,0.26_SURVIVAL_TEST/Development,6,PRE_PRE_NETTY,,
C0_0_26,0.26_SURVIVAL_TEST,6,PRE_PRE_NETTY,,
C0_0_27,0.27_SURVIVAL_TEST,6,PRE_PRE_NETTY,,
C0_0_28_D,0.28/Development,7,PRE_PRE_NETTY,,
C0_0_28,0.28,7,PRE_PRE_NETTY,,
C_SERVER_1_9,server 1.9,7,PRE_PRE_NETTY,,Server for 0.28
C0_0_28_01,0.28_01,7,PRE_PRE_NETTY,,
C0_0_29,0.29,7,PRE_PRE_NETTY,,
C_SERVER_1_9_1,server 1.9.1,7,PRE_PRE_NETTY,,Server for 0.29
C0_0_29_01,0.29_01,7,PRE_PRE_NETTY,,
C0_0_29_02,0.29_02,7,PRE_PRE_NETTY,,
C0_0_30,0.30,7,PRE_PRE_NETTY,,
C_SERVER_1_10,server 1.10,7,PRE_PRE_NETTY,,Server for 0.30
C_SERVER_1_10_1,server 1.10.1,7,PRE_PRE_NETTY,,Server for 0.30
header-InDev,,,,,
Indev_0_31,Indev 0.31,,,,
Indev,Indev,,,,
header-InfDev,,,,,
Inf_20100227_1,Infdev 20100227-1,,,,
Inf_20100227_1_D,Infdev 20100227-1/Development,,,,
Inf_20100227_2,Infdev 20100227-2,,,,
Inf_20100313,Infdev 20100313,,,,
Inf_20100316,Infdev 20100316,,,,
Inf_20100320,Infdev 20100320,,,,
Inf_20100321,Infdev 20100321,,,,
Inf_20100325,Infdev 20100325,,,,
Inf_20100327,Infdev 20100327,,,,
Inf_20100330_1,Infdev 20100330-1,,,,
Inf_20100330_2,Infdev 20100330-2,,,,
Inf_20100413,Infdev 20100413,,,,
Inf_20100414,Infdev 20100414,,,,
Inf_20100415,Infdev 20100415,,,,
Inf_20100420,Infdev 20100420,,,,
Inf_20100607,Infdev 20100607,,,,
Inf_20100608,Infdev 20100608,,,,
Inf_20100611,Infdev 20100611,,,,
Inf_20100615,Infdev 20100615,,,,
Inf_20100616_1,Infdev 20100616-1,,,,
Inf_20100616_2,Infdev 20100616-2,,,,
Inf_20100617_1,Infdev 20100617-1,,,,
Inf_20100617_2,Infdev 20100617-2,,,,
Inf_20100618,Infdev 20100618,,,,
Inf_20100624,Infdev 20100624,,,,
Inf_20100624_LF,Infdev 20100624 level format,,,,
Inf_20100625_1,Infdev 20100625-1,,,,
Inf_20100625_2,Infdev 20100625-2,,,,
Inf_20100627,Infdev 20100627,,,,
Inf_20100629,Infdev 20100629,,,,
Inf_20100630,Infdev 20100630,,,,
header-Alpha,,,,,
A1_0_0,a1.0.0,,,,
A1_0_1,a1.0.1,,,,
A1_0_1_01,a1.0.1_01,,,,
A1_0_2,a1.0.2,,,,
A1_0_2_01,a1.0.2_01,,,,
A1_0_2_02,a1.0.2_02,,,,
A1_0_3,a1.0.3,,,,
A1_0_4,a1.0.4,,,,
A1_0_5,a1.0.5,10,PRE_PRE_NETTY,,
A1_0_5_01,a1.0.5_01,10,PRE_PRE_NETTY,,
A1_0_6,a1.0.6,10,PRE_PRE_NETTY,,
A1_0_6_01,a1.0.6_01,10,PRE_PRE_NETTY,,
A1_0_6_02,a1.0.6_02,10,PRE_PRE_NETTY,,
A1_0_6_03,a1.0.6_03,10,PRE_PRE_NETTY,,
A1_0_7,a1.0.7,10,PRE_PRE_NETTY,,
A1_0_8,a1.0.8,10,PRE_PRE_NETTY,,
A1_0_8_01,a1.0.8_01,10,PRE_PRE_NETTY,,
A1_0_9,a1.0.9,10,PRE_PRE_NETTY,,
A1_0_10,a1.0.10,10,PRE_PRE_NETTY,,
A1_0_11,a1.0.11,10,PRE_PRE_NETTY,,
A1_0_12,a1.0.12,11,PRE_PRE_NETTY,,
A1_0_13,a1.0.13,12,PRE_PRE_NETTY,,
A1_0_13_01,a1.0.13_01,12,PRE_PRE_NETTY,,
A1_0_14,a1.0.14,12,PRE_PRE_NETTY,,
A1_0_15,a1.0.15,13,PRE_PRE_NETTY,,
A_SERVER_0_1_0,Alpha server 0.1.0,13,PRE_PRE_NETTY,,Server for a1.0.15
A1_0_16,a1.0.16,14,PRE_PRE_NETTY,,
A_SERVER_0_1_1,Alpha server 0.1.1,14,PRE_PRE_NETTY,,Server for a1.0.16
A1_0_16_01,a1.0.16_01,14,PRE_PRE_NETTY,,
A1_0_16_02,a1.0.16_02,14,PRE_PRE_NETTY,,
A_SERVER_0_1_2,Alpha server 0.1.2,14,PRE_PRE_NETTY,,Server for a1.0.16_02
A_SERVER_0_1_2_01,Alpha server 0.1.2_01,14,PRE_PRE_NETTY,,Server for a1.0.16_02
A_SERVER_0_1_3,Alpha server 0.1.3,14,PRE_PRE_NETTY,,Server for a1.0.16_02
A1_0_17,a1.0.17,1,PRE_NETTY,,
A1_0_17_01,a1.0.17_01,1,PRE_NETTY,,
A_SERVER_0_1_4,Alpha server 0.1.4,1,PRE_NETTY,,Server for a1.0.17
A1_0_17_02,a1.0.17_02,1,PRE_NETTY,,
A1_0_17_03,a1.0.17_03,1,PRE_NETTY,,
A1_0_17_04,a1.0.17_04,1,PRE_NETTY,,
A1_1_0,a1.1.0,2,PRE_NETTY,,
A_SERVER_0_2_0,Alpha server 0.2.0,2,PRE_NETTY,,Server for a1.1.0
A_SERVER_0_2_0_01,Alpha server 0.2.0_01,2,PRE_NETTY,,Server for a1.1.0
A1_1_1,a1.1.1,2,PRE_NETTY,,
A_SERVER_0_2_1,Alpha server 0.2.1,2,PRE_NETTY,,Server for a1.1.1
A1_1_2,a1.1.2,2,PRE_NETTY,,
A1_1_2_01,a1.1.2_01,2,PRE_NETTY,,
A1_2_0,a1.2.0,3,PRE_NETTY,,
A_SERVER_0_2_2,Alpha server 0.2.2,3,PRE_NETTY,,Server for a1.2.0
A_SERVER_0_2_2_01,Alpha server 0.2.2_01,3,PRE_NETTY,,Server for a1.2.0
A1_2_0_01,a1.2.0_01,3,PRE_NETTY,,
A1_2_0_02,a1.2.0_02,3,PRE_NETTY,,
A1_2_1,a1.2.1,3,PRE_NETTY,,
A_SERVER_0_2_3,Alpha server 0.2.3,3,PRE_NETTY,,Server for a1.2.1
A1_2_1_01,a1.2.1_01,3,PRE_NETTY,,
A1_2_2,a1.2.2,4,PRE_NETTY,,
A_SERVER_0_2_4,Alpha server 0.2.4,4,PRE_NETTY,,Server for a1.2.2
A1_2_3,a1.2.3,5,PRE_NETTY,,
A_SERVER_0_2_5,Alpha server 0.2.5,5,PRE_NETTY,,Server for a1.2.3
A1_2_3_01,a1.2.3_01,5,PRE_NETTY,,
A1_2_3_02,a1.2.3_02,5,PRE_NETTY,,
A_SERVER_0_2_5_01,Alpha server 0.2.5_01,5,PRE_NETTY,,Server for a1.2.3_02
A_SERVER_0_2_5_02,Alpha server 0.2.5_02,5,PRE_NETTY,,Server for a1.2.3_02
A1_2_3_04,a1.2.3_04,5,PRE_NETTY,,
A1_2_3_05,a1.2.3_05,6,PRE_NETTY,,
A_SERVER_0_2_6,Alpha server 0.2.6,6,PRE_NETTY,,Server for a1.2.3_05
A_SERVER_0_2_6_01,Alpha server 0.2.6_01,6,PRE_NETTY,,Server for a1.2.3_05
A1_2_4,a1.2.4,6,PRE_NETTY,,
A_SERVER_0_2_6_02,Alpha server 0.2.6_02,6,PRE_NETTY,,Server for a1.2.4
A1_2_4_01,a1.2.4_01,6,PRE_NETTY,,
A1_2_5,a1.2.5,6,PRE_NETTY,,
A_SERVER_0_2_7,Alpha server 0.2.7,6,PRE_NETTY,,Server for a1.2.5
A1_2_6,a1.2.6,6,PRE_NETTY,,
A_SERVER_0_2_8,Alpha server 0.2.8,6,PRE_NETTY,,Server for a1.2.6
header-Beta,,,,,
B1_0,b1.0,7,PRE_NETTY,,
B1_0_01,b1.0_01,7,PRE_NETTY,,
B1_0_2,b1.0.2,7,PRE_NETTY,,
B1_1,b1.1,7,PRE_NETTY,,
B1_1_01,b1.1_01,7,PRE_NETTY,,
B1_1_02,b1.1_02,8,PRE_NETTY,,
B1_2,b1.2,8,PRE_NETTY,,
B1_2_01,b1.2_01,8,PRE_NETTY,,
B1_2_02,b1.2_02,8,PRE_NETTY,,
B1_3,b1.3,9,PRE_NETTY,,
B1_3_01,b1.3_01,9,PRE_NETTY,,
B1_4,b1.4,10,PRE_NETTY,,
B1_4_01,b1.4_01,10,PRE_NETTY,,
B1_5,b1.5,11,PRE_NETTY,,
B1_5_01,b1.5_01,11,PRE_NETTY,,
B1_5_02,b1.5_02,11,PRE_NETTY,,
B1_6_P,b1.6 (preview),13,PRE_NETTY,,
B1_6_TEST_BUILD_3,b1.6 Test Build 3,12,PRE_NETTY,,
B1_6,b1.6,13,PRE_NETTY,,
B1_6_1,b1.6.1,13,PRE_NETTY,,
B1_6_2,b1.6.2,13,PRE_NETTY,,
B1_6_3,b1.6.3,13,PRE_NETTY,,
B1_6_4,b1.6.4,13,PRE_NETTY,,
B1_6_5,b1.6.5,13,PRE_NETTY,,
B1_6_6,b1.6.6,13,PRE_NETTY,,
B1_7_P,b1.7 (preview),14,PRE_NETTY,,
B1_7,b1.7,14,PRE_NETTY,,
B1_7_01,b1.7_01,14,PRE_NETTY,,
B1_7_2,b1.7.2,14,PRE_NETTY,,
B1_7_3,b1.7.3,14,PRE_NETTY,,
B1_8_PR,b1.8 Pre-release,15,PRE_NETTY,,
B1_8_PR2,b1.8 Pre-release 2 ;),16,PRE_NETTY,,
B1_8,b1.8,17,PRE_NETTY,,
B1_8_1,b1.8.1,17,PRE_NETTY,,
B1_9_PR,b1.9 Prerelease,18,PRE_NETTY,,
B1_9_PR2,b1.9 Prerelease 2,19,PRE_NETTY,,
B1_9_PR3,b1.9 Prerelease 3,19,PRE_NETTY,,
B1_9_PR4,b1.9 Prerelease 4,20,PRE_NETTY,,
B1_9_PR5,b1.9 Prerelease 5,21,PRE_NETTY,,
B1_9_PR6,b1.9 Prerelease 6,22,PRE_NETTY,,
RC1,rc1,22,PRE_NETTY,,
RC2,rc2,22,PRE_NETTY,,
header-Release,,,,,
V0,1.0.0,22,PRE_NETTY,,
V0_1,1.0.1,22,PRE_NETTY,,
V11W47A,11w47a,22,PRE_NETTY,true,
V11W48A,11w48a,22,PRE_NETTY,true,
V11W49A,11w49a,22,PRE_NETTY,true,
V11W50A,11w50a,22,PRE_NETTY,true,
V12W01A,12w01a,23,PRE_NETTY,true,
V1,1.1,23,PRE_NETTY,,
V12W03A,12w03a,24,PRE_NETTY,true,
V12W04A,12w04a,24,PRE_NETTY,true,
V12W05A,12w05a,24,PRE_NETTY,true,
V12W05B,12w05b,24,PRE_NETTY,true,
V12W06A,12w06a,25,PRE_NETTY,true,
V12W07A,12w07a,27,PRE_NETTY,true,
V12W07B,12w07b,27,PRE_NETTY,true,
V12W08A,12w08a,28,PRE_NETTY,true,
V2,1.2,28,PRE_NETTY,,
V2_1,1.2.1,28,PRE_NETTY,,
V2_2,1.2.2,28,PRE_NETTY,,
V2_3,1.2.3,28,PRE_NETTY,,
V2_4,1.2.4,29,PRE_NETTY,,
V2_5,1.2.5,29,PRE_NETTY,,
V12W15A,12w15a,29,PRE_NETTY,true,
V12W16A,12w16a,30,PRE_NETTY,true,
V12W17A,12w17a,31,PRE_NETTY,true,
V12W18A,12w18a,32,PRE_NETTY,true,
V12W19A,12w19a,32,PRE_NETTY,true,
V12W21A,12w21a,33,PRE_NETTY,true,
V12W21B,12w21b,33,PRE_NETTY,true,
V12W22A,12w22a,34,PRE_NETTY,true,
V12W23A,12w23a,35,PRE_NETTY,true,
V12W23B,12w23b,35,PRE_NETTY,true,
V12W24A,12w24a,36,PRE_NETTY,true,
V12W25A,12w25a,37,PRE_NETTY,true,
V12W26A,12w26a,37,PRE_NETTY,true,
V12W27A,12w27a,38,PRE_NETTY,true,
V12W30A,12w30a,38,PRE_NETTY,true,
V12W30B,12w30b,38,PRE_NETTY,true,
V12W30C,12w30c,39,PRE_NETTY,true,
V12W30D,12w30d,39,PRE_NETTY,true,
V12W30E,12w30e,39,PRE_NETTY,true,
V3,1.3,39,PRE_NETTY,,
V3_1,1.3.1,39,PRE_NETTY,,
V3_2,1.3.2,39,PRE_NETTY,,
V12W32A,12w32a,40,PRE_NETTY,true,
V12W34A,12w34a,41,PRE_NETTY,true,
V12W34B,12w34b,42,PRE_NETTY,true,
V12W36A,12w36a,42,PRE_NETTY,true,
V12W37A,12w37a,42,PRE_NETTY,true,
V12W38A,12w38a,43,PRE_NETTY,true,
V12W38B,12w38b,43,PRE_NETTY,true,
V12W39A,12w39a,43,PRE_NETTY,true,
V12W39B,12w39b,43,PRE_NETTY,true,
V12W40A,12w40a,44,PRE_NETTY,true,
V12W40B,12w40b,45,PRE_NETTY,true,
V12W41A,12w41a,46,PRE_NETTY,true,
V12W41B,12w41b,46,PRE_NETTY,true,
V12W42A,12w42a,46,PRE_NETTY,true,
V12W42B,12w42b,47,PRE_NETTY,true,
V4,1.4,47,PRE_NETTY,,
V4_1,1.4.1,47,PRE_NETTY,,
V4_2,1.4.2,47,PRE_NETTY,,
V4_3,1.4.3,48,PRE_NETTY,,
V4_4,1.4.4,49,PRE_NETTY,,
V4_5,1.4.5,49,PRE_NETTY,,
V12W49A,12w49a,50,PRE_NETTY,true,
V12W50A,12w50a,51,PRE_NETTY,true,
V12W50B,12w50b,51,PRE_NETTY,true,
V4_6,1.4.6,51,PRE_NETTY,,
V4_7,1.4.7,51,PRE_NETTY,,
V13W01A,13w01a,52,PRE_NETTY,true,
V13W01B,13w01b,52,PRE_NETTY,true,
V13W02A,13w02a,53,PRE_NETTY,true,
V13W02B,13w02b,53,PRE_NETTY,true,
V13W03A,13w03a,54,PRE_NETTY,true,
V13W04A,13w04a,55,PRE_NETTY,true,
V13W05A,13w05a,56,PRE_NETTY,true,
V13W05B,13w05b,56,PRE_NETTY,true,
V13W06A,13w06a,58,PRE_NETTY,true,
V13W07A,13w07a,58,PRE_NETTY,true,
V13W09A,13w09a,59,PRE_NETTY,true,
V13W09B,13w09b,59,PRE_NETTY,true,
V13W09C,13w09c,60,PRE_NETTY,true,
V13W10A,13w10a,60,PRE_NETTY,true,
V13W10B,13w10b,60,PRE_NETTY,true,
V5,1.5,60,PRE_NETTY,,
V13W11A,13w11a,60,PRE_NETTY,true,
V13W12,13w12~,60,PRE_NETTY,true,
V5_1,1.5.1,60,PRE_NETTY,,
V13W14A_V2,13w14a (v2.0),-1,APRIL_FOOLS,,"Protocol(Blue: 90, Red: 91, Purple: 92)"
V5_2,1.5.2,61,PRE_NETTY,,
V13W16A,13w16a,62,PRE_NETTY,true,
V13W16B,13w16b,63,PRE_NETTY,true,
V13W17A,13w17a,64,PRE_NETTY,true,
V13W18A,13w18a,65,PRE_NETTY,true,
V13W18B,13w18b,65,PRE_NETTY,true,
V13W18C,13w18c,65,PRE_NETTY,true,
V13W19A,13w19a,66,PRE_NETTY,true,
V13W21A,13w21a,67,PRE_NETTY,true,
V13W21B,13w21b,67,PRE_NETTY,true,
V13W22A,13w22a,67,PRE_NETTY,true,
V13W23A,13w23a,67,PRE_NETTY,true,
V13W23B,13w23b,68,PRE_NETTY,true,
V13W24A,13w24a,69,PRE_NETTY,true,
V13W24B,13w24b,70,PRE_NETTY,true,
V13W25A,13w25a,71,PRE_NETTY,true,
V13W25B,13w25b,71,PRE_NETTY,true,
V13W25C,13w25c,71,PRE_NETTY,true,
V13W26A,13w26a,72,PRE_NETTY,true,
V6,1.6,72,PRE_NETTY,,
V6_1,1.6.1,73,PRE_NETTY,,
V6_2,1.6.2,74,PRE_NETTY,,
V13W36A,13w36a,75,PRE_NETTY,true,
V13W36B,13w36b,75,PRE_NETTY,true,
V13W37A,13w37a,76,PRE_NETTY,true,
V13W37B,13w37b,76,PRE_NETTY,true,
V6_3,1.6.3,77,PRE_NETTY,,
V6_4,1.6.4,78,PRE_NETTY,,
V13W38A,13w38a,79,PRE_NETTY,true,
V13W38B,13w38b,79,PRE_NETTY,true,
V13W38C,13w38c,79,PRE_NETTY,true,
V13W39A,13w39a,80,PRE_NETTY,true,
V13W39B,13w39b,80,PRE_NETTY,true,
V13W41A,13w41a,0,NETTY,true,
V13W41B,13w41b,0,NETTY,true,
V13W42A,13w42a,1,NETTY,true,
V13W42B,13w42b,1,NETTY,true,
V13W43A,13w43a,2,NETTY,true,
V7,1.7,3,NETTY,,
V7_1,1.7.1,3,NETTY,,
V7_2,1.7.2,4,NETTY,,
V13W47A,13w47a,4,NETTY,true,
V13W47B,13w47b,4,NETTY,true,
V13W47C,13w47c,4,NETTY,true,
V13W47D,13w47d,4,NETTY,true,
V13W47E,13w47e,4,NETTY,true,
V13W48A,13w48a,4,NETTY,true,
V13W48B,13w48b,4,NETTY,true,
V13W49A,13w49a,4,NETTY,true,
V7_3,1.7.3,4,NETTY,,
V7_4,1.7.4,4,NETTY,,
V7_5,1.7.5,4,NETTY,,
V7_6_PRE1,1.7.6-pre1,5,NETTY,true,
V7_6_PRE2,1.7.6-pre2,5,NETTY,true,
V7_6,1.7.6,5,NETTY,,
V7_7,1.7.7,5,NETTY,,
V7_8,1.7.8,5,NETTY,,
V7_9,1.7.9,5,NETTY,,
V7_10_PRE1,1.7.10-pre1,5,NETTY,true,
V7_10_PRE2,1.7.10-pre2,5,NETTY,true,
V7_10_PRE3,1.7.10-pre3,5,NETTY,true,
V7_10_PRE4,1.7.10-pre4,5,NETTY,true,
V7_10,1.7.10,5,NETTY,,
V14W02A,14w02a,5,NETTY,true,
V14W02B,14w02b,5,NETTY,true,
V14W02C,14w02c,5,NETTY,true,
V14W03A,14w03a,6,NETTY,true,
V14W03B,14w03b,6,NETTY,true,
V14W04A,14w04a,7,NETTY,true,
V14W04B,14w04b,8,NETTY,true,
V14W05A,14w05a,9,NETTY,true,
V14W05B,14w05b,9,NETTY,true,
V14W06A,14w06a,10,NETTY,true,
V14W06B,14w06b,10,NETTY,true,
V14W07A,14w07a,11,NETTY,true,
V14W08A,14w08a,12,NETTY,true,
V14W10A,14w10a,13,NETTY,true,
V14W10B,14w10b,13,NETTY,true,
V14W10C,14w10c,13,NETTY,true,
V14W11A,14w11a,14,NETTY,true,
V14W11B,14w11b,14,NETTY,true,
V14W17A,14w17a,15,NETTY,true,
V14W18A,14w18a,16,NETTY,true,
V14W18B,14w18b,16,NETTY,true,
V14W19A,14w19a,17,NETTY,true,
V14W20A,14w20a,18,NETTY,true,
V14W20B,14w20b,18,NETTY,true,
V14W21A,14w21a,19,NETTY,true,
V14W21B,14w21b,20,NETTY,true,
V14W25A,14w25a,21,NETTY,true,
V14W25B,14w25b,22,NETTY,true,
V14W26A,14w26a,23,NETTY,true,
V14W26B,14w26b,24,NETTY,true,
V14W26C,14w26c,25,NETTY,true,
V14W27A,14w27a,26,NETTY,true,
V14W27B,14w27b,26,NETTY,true,
V14W28A,14w28a,27,NETTY,true,
V14W28B,14w28b,28,NETTY,true,
V14W29A,14w29a,29,NETTY,true,
V14W29B,14w29b,29,NETTY,true,
V14W30A,14w30a,30,NETTY,true,
V14W30B,14w30b,30,NETTY,true,
V14W30C,14w30c,31,NETTY,true,
V14W31A,14w31a,32,NETTY,true,
V14W32A,14w32a,33,NETTY,true,
V14W32B,14w32b,34,NETTY,true,
V14W32C,14w32c,35,NETTY,true,
V14W32D,14w32d,36,NETTY,true,
V14W33A,14w33a,37,NETTY,true,
V14W33B,14w33b,38,NETTY,true,
V14W33C,14w33c,39,NETTY,true,
V14W34A,14w34a,40,NETTY,true,
V14W34B,14w34b,41,NETTY,true,
V14W34C,14w34c,42,NETTY,true,
V14W34D,14w34d,43,NETTY,true,
V8_PRE1,1.8-pre1,44,NETTY,true,
V8_PRE2,1.8-pre2,45,NETTY,true,
V8_PRE3,1.8-pre3,46,NETTY,true,
V8,1.8,47,NETTY,,
V8_1_PRE1,1.8.1-pre1,47,NETTY,true,
V8_1_PRE2,1.8.1-pre2,47,NETTY,true,
V8_1_PRE3,1.8.1-pre3,47,NETTY,true,
V8_1_PRE4,1.8.1-pre4,47,NETTY,true,
V8_1_PRE5,1.8.1-pre5,47,NETTY,true,
V8_1,1.8.1,47,NETTY,,
V8_2_PRE1,1.8.2-pre1,47,NETTY,true,
V8_2_PRE2,1.8.2-pre2,47,NETTY,true,
V8_2_PRE3,1.8.2-pre3,47,NETTY,true,
V8_2_PRE4,1.8.2-pre4,47,NETTY,true,
V8_2_PRE5,1.8.2-pre5,47,NETTY,true,
V8_2_PRE6,1.8.2-pre6,47,NETTY,true,
V8_2_PRE7,1.8.2-pre7,47,NETTY,true,
V8_2,1.8.2,47,NETTY,,
V8_3,1.8.3,47,NETTY,,
V15W14A,15w14a,48,APRIL_FOOLS,true,
V8_4,1.8.4,47,NETTY,,
V8_5,1.8.5,47,NETTY,,
V8_6,1.8.6,47,NETTY,,
V8_7,1.8.7,47,NETTY,,
V8_8,1.8.8,47,NETTY,,
V8_9,1.8.9,47,NETTY,,
V15W31A,15w31a,49,NETTY,true,
V15W31B,15w31b,50,NETTY,true,
V15W31C,15w31c,51,NETTY,true,
V15W32A,15w32a,52,NETTY,true,
V15W32B,15w32b,53,NETTY,true,
V15W32C,15w32c,54,NETTY,true,
V15W33A,15w33a,55,NETTY,true,
V15W33B,15w33b,56,NETTY,true,
V15W33C,15w33c,57,NETTY,true,
V15W34A,15w34a,58,NETTY,true,
V15W34B,15w34b,59,NETTY,true,
V15W34C,15w34c,60,NETTY,true,
V15W34D,15w34d,61,NETTY,true,
V15W35A,15w35a,62,NETTY,true,
V15W35B,15w35b,63,NETTY,true,
V15W35C,15w35c,64,NETTY,true,
V15W35D,15w35d,65,NETTY,true,
V15W35E,15w35e,66,NETTY,true,
V15W36A,15w36a,67,NETTY,true,
V15W36B,15w36b,68,NETTY,true,
V15W36C,15w36c,69,NETTY,true,
V15W36D,15w36d,70,NETTY,true,
V15W37A,15w37a,71,NETTY,true,
V15W38A,15w38a,72,NETTY,true,
V15W38B,15w38b,73,NETTY,true,
V15W39A,15w39a,74,NETTY,true,
V15W39B,15w39b,74,NETTY,true,
V15W39C,15w39c,74,NETTY,true,
V15W40A,15w40a,75,NETTY,true,
V15W41A,15w41a,77,NETTY,true,
V15W41B,15w41b,78,NETTY,true,
V15W42A,15w42a,79,NETTY,true,
V15W43A,15w43a,80,NETTY,true,
V15W43B,15w43b,81,NETTY,true,
V15W43C,15w43c,82,NETTY,true,
V15W44A,15w44a,83,NETTY,true,
V15W44B,15w44b,84,NETTY,true,
V15W45A,15w45a,85,NETTY,true,
V15W46A,15w46a,86,NETTY,true,
V15W47A,15w47a,87,NETTY,true,
V15W47B,15w47b,88,NETTY,true,
V15W47C,15w47c,89,NETTY,true,
V15W49A,15w49a,90,NETTY,true,
V15W49B,15w49b,91,NETTY,true,
V15W50A,15w50a,92,NETTY,true,
V15W40B,15w40b,76,NETTY,true,
V15W51A,15w51a,93,NETTY,true,
V15W51B,15w51b,94,NETTY,true,
V16W02A,16w02a,95,NETTY,true,
V16W03A,16w03a,96,NETTY,true,
V16W04A,16w04a,97,NETTY,true,
V16W05A,16w05a,98,NETTY,true,
V16W05B,16w05b,99,NETTY,true,
V16W06A,16w06a,100,NETTY,true,
V16W07A,16w07a,101,NETTY,true,
V16W07B,16w07b,102,NETTY,true,
V9_PRE1,1.9-pre1,103,NETTY,true,
V9_PRE2,1.9-pre2,104,NETTY,true,
V9_PRE3,1.9-pre3,105,NETTY,true,
V9_PRE4,1.9-pre4,106,NETTY,true,
V9,1.9,107,NETTY,,
V9_1_PRE1,1.9.1-pre1,107,NETTY,true,
V9_1_PRE2,1.9.1-pre2,108,NETTY,true,
V9_1_PRE3,1.9.1-pre3,108,NETTY,true,
V9_1,1.9.1,108,NETTY,,
V1RV_PRE1,1.RV-Pre1,108,APRIL_FOOLS,true,
V16W14A,16w14a,109,NETTY,true,
V16W15A,16w15a,109,NETTY,true,
V16W15B,16w15b,109,NETTY,true,
V9_3_PRE1,1.9.3-pre1,109,NETTY,true,
V9_3_PRE2,1.9.3-pre2,110,NETTY,true,
V9_3_PRE3,1.9.3-pre3,110,NETTY,true,
V9_3,1.9.3,110,NETTY,,
V9_4,1.9.4,110,NETTY,,
V16W20A,16w20a,201,NETTY,true,
V16W21A,16w21a,202,NETTY,true,
V16W21B,16w21b,203,NETTY,true,
V10_PRE1,1.10-pre1,204,NETTY,true,
V10_PRE2,1.10-pre2,205,NETTY,true,
V10,1.10,210,NETTY,,
V10_1,1.10.1,210,NETTY,,
V10_2,1.10.2,210,NETTY,,
V16W32A,16w32a,301,NETTY,true,
V16W32B,16w32b,302,NETTY,true,
V16W33A,16w33a,303,NETTY,true,
V16W35A,16w35a,304,NETTY,true,
V16W36A,16w36a,305,NETTY,true,
V16W38A,16w38a,306,NETTY,true,
V16W39A,16w39a,307,NETTY,true,
V16W39B,16w39b,308,NETTY,true,
V16W39C,16w39c,309,NETTY,true,
V16W40A,16w40a,310,NETTY,true,
V16W41A,16w41a,311,NETTY,true,
V16W42A,16w42a,312,NETTY,true,
V16W43A,16w43a,313,NETTY,true,
V16W44A,16w44a,313,NETTY,true,
V11_PRE1,1.11-pre1,314,NETTY,true,
V11,1.11,315,NETTY,,
V16W50A,16w50a,316,NETTY,true,
V11_1,1.11.1,316,NETTY,,
V11_2,1.11.2,316,NETTY,,
V17W06A,17w06a,317,NETTY,true,
V17W13A,17w13a,318,NETTY,true,
V17W13B,17w13b,319,NETTY,true,
V17W14A,17w14a,320,NETTY,true,
V17W15A,17w15a,321,NETTY,true,
V17W16A,17w16a,322,NETTY,true,
V17W16B,17w16b,323,NETTY,true,
V17W17A,17w17a,324,NETTY,true,
V17W17B,17w17b,325,NETTY,true,
V17W18A,17w18a,326,NETTY,true,
V17W18B,17w18b,327,NETTY,true,
V12_PRE1,1.12-pre1,328,NETTY,true,
V12_PRE2,1.12-pre2,329,NETTY,true,
V12_PRE3,1.12-pre3,330,NETTY,true,
V12_PRE4,1.12-pre4,331,NETTY,true,
V12_PRE5,1.12-pre5,332,NETTY,true,
V12_PRE6,1.12-pre6,333,NETTY,true,
V12_PRE7,1.12-pre7,334,NETTY,true,
V12,1.12,335,NETTY,,
V17W31A,17w31a,336,NETTY,true,
V12_1_PRE1,1.12.1-pre1,337,NETTY,true,
V12_1,1.12.1,338,NETTY,,
V12_2_PRE1,1.12.2-pre1,339,NETTY,true,
V12_2_PRE2,1.12.2-pre2,339,NETTY,true,
V12_2,1.12.2,340,NETTY,,
V17W43A,17w43a,341,NETTY,true,
V17W43B,17w43b,342,NETTY,true,
V17W45A,17w45a,343,NETTY,true,
V17W45B,17w45b,344,NETTY,true,
V17W46A,17w46a,345,NETTY,true,
V17W47A,17w47a,346,NETTY,true,
V17W47B,17w47b,347,NETTY,true,
V17W48A,17w48a,348,NETTY,true,
V17W49A,17w49a,349,NETTY,true,
V17W49B,17w49b,350,NETTY,true,
V17W50A,17w50a,351,NETTY,true,
V18W01A,18w01a,352,NETTY,true,
V18W02A,18w02a,353,NETTY,true,
V18W03A,18w03a,354,NETTY,true,
V18W03B,18w03b,355,NETTY,true,
V18W05A,18w05a,356,NETTY,true,
V18W06A,18w06a,357,NETTY,true,
V18W07A,18w07a,358,NETTY,true,
V18W07B,18w07b,359,NETTY,true,
V18W07C,18w07c,360,NETTY,true,
V18W08A,18w08a,361,NETTY,true,
V18W08B,18w08b,362,NETTY,true,
V18W09A,18w09a,363,NETTY,true,
V18W10A,18w10a,364,NETTY,true,
V18W10B,18w10b,365,NETTY,true,
V18W10C,18w10c,366,NETTY,true,
V18W10D,18w10d,367,NETTY,true,
V18W11A,18w11a,368,NETTY,true,
V18W14A,18w14a,369,NETTY,true,
V18W14B,18w14b,370,NETTY,true,
V18W15A,18w15a,371,NETTY,true,
V18W16A,18w16a,372,NETTY,true,
V18W19A,18w19a,373,NETTY,true,
V18W19B,18w19b,374,NETTY,true,
V18W20A,18w20a,375,NETTY,true,
V18W20B,18w20b,376,NETTY,true,
V18W20C,18w20c,377,NETTY,true,
V18W21A,18w21a,378,NETTY,true,
V18W21B,18w21b,379,NETTY,true,
V18W22A,18w22a,380,NETTY,true,
V18W22B,18w22b,381,NETTY,true,
V18W22C,18w22c,382,NETTY,true,
V13_PRE1,1.13-pre1,383,NETTY,true,
V13_PRE3,1.13-pre3,385,NETTY,true,
V13_PRE2,1.13-pre2,384,NETTY,true,
V13_PRE4,1.13-pre4,386,NETTY,true,
V13_PRE5,1.13-pre5,387,NETTY,true,
V13_PRE6,1.13-pre6,388,NETTY,true,
V13_PRE7,1.13-pre7,389,NETTY,true,
V13_PRE8,1.13-pre8,390,NETTY,true,
V13_PRE9,1.13-pre9,391,NETTY,true,
V13_PRE10,1.13-pre10,392,NETTY,true,
V13,1.13,393,NETTY,,
V18W30A,18w30a,394,NETTY,true,
V18W30B,18w30b,395,NETTY,true,
V18W31A,18w31a,396,NETTY,true,
V18W32A,18w32a,397,NETTY,true,
V18W33A,18w33a,398,NETTY,true,
V13_1_PRE1,1.13.1-pre1,399,NETTY,true,
V13_1_PRE2,1.13.1-pre2,400,NETTY,true,
V13_1,1.13.1,401,NETTY,,
V13_2_PRE1,1.13.2-pre1,402,NETTY,true,
V13_2_PRE2,1.13.2-pre2,403,NETTY,true,
V13_2,1.13.2,404,NETTY,,
V18W43A,18w43a,440,NETTY,true,
V18W43B,18w43b,441,NETTY,true,
V18W43C,18w43c,442,NETTY,true,
V18W44A,18w44a,443,NETTY,true,
V18W45A,18w45a,444,NETTY,true,
V18W46A,18w46a,445,NETTY,true,
V18W47A,18w47a,446,NETTY,true,
V18W47B,18w47b,447,NETTY,true,
V18W48A,18w48a,448,NETTY,true,
V18W48B,18w48b,449,NETTY,true,
V18W49A,18w49a,450,NETTY,true,
V18W50A,18w50a,451,NETTY,true,
V19W02A,19w02a,452,NETTY,true,
V19W03A,19w03a,453,NETTY,true,
V19W03B,19w03b,454,NETTY,true,
V19W03C,19w03c,455,NETTY,true,
V19W04A,19w04a,456,NETTY,true,
V19W04B,19w04b,457,NETTY,true,
V19W05A,19w05a,458,NETTY,true,
V19W06A,19w06a,459,NETTY,true,
V19W07A,19w07a,460,NETTY,true,
V19W08A,19w08a,461,NETTY,true,
V19W08B,19w08b,462,NETTY,true,
V19W09A,19w09a,463,NETTY,true,
V19W11A,19w11a,464,NETTY,true,
V19W11B,19w11b,465,NETTY,true,
V19W12A,19w12a,466,NETTY,true,
V19W12B,19w12b,467,NETTY,true,
V19W13A,19w13a,468,NETTY,true,
V19W13B,19w13b,469,NETTY,true,
V3D_SHAREWARE,3D Shareware v1.34,1,APRIL_FOOLS,true,
V19W14A,19w14a,470,NETTY,true,
V19W14B,19w14b,471,NETTY,true,
V14_PRE1,1.14 Pre-Release 1,472,NETTY,true,
V14_PRE2,1.14 Pre-Release 2,473,NETTY,true,
V14_PRE3,1.14 Pre-Release 3,474,NETTY,true,
V14_PRE4,1.14 Pre-Release 4,475,NETTY,true,
V14_PRE5,1.14 Pre-Release 5,476,NETTY,true,
V14,1.14,477,NETTY,,
V14_1_PRE1,1.14.1 Pre-Release 1,478,NETTY,true,
V14_1_PRE2,1.14.1 Pre-Release 2,479,NETTY,true,
V14_1,1.14.1,480,NETTY,,
V14_2_PRE1,1.14.2 Pre-Release 1,481,NETTY,true,
V14_2_PRE2,1.14.2 Pre-Release 2,482,NETTY,true,
V14_2_PRE3,1.14.2 Pre-Release 3,483,NETTY,true,
V14_2_PRE4,1.14.2 Pre-Release 4,484,NETTY,true,
V14_2,1.14.2,485,NETTY,,
V14_3_PRE1,1.14.3 Pre-Release 1,486,NETTY,true,
V14_3_PRE2,1.14.3 Pre-Release 2,487,NETTY,true,
V14_3_PRE3,1.14.3 Pre-Release 3,488,NETTY,true,
V14_3_PRE4,1.14.3 Pre-Release 4,489,NETTY,true,
V14_3,1.14.3,490,NETTY,,
V14_4_PRE1,1.14.4 Pre-Release 1,491,NETTY,true,
V14_4_PRE2,1.14.4 Pre-Release 2,492,NETTY,true,
V14_4_PRE3,1.14.4 Pre-Release 3,493,NETTY,true,
V14_4_PRE4,1.14.4 Pre-Release 4,494,NETTY,true,
V14_4_PRE5,1.14.4 Pre-Release 5,495,NETTY,true,
V14_4_PRE6,1.14.4 Pre-Release 6,496,NETTY,true,
V14_4_PRE7,1.14.4 Pre-Release 7,497,NETTY,true,
V14_4,1.14.4,498,NETTY,,
V14_3_COMBAT_TEST,1.14.3 - Combat Test,500,NETTY,true,
VCOMBAT_TEST_2,Combat Test 2,501,NETTY,true,
VCOMBAT_TEST_3,Combat Test 3,502,NETTY,true,
V19W34A,19w34a,550,NETTY,true,
V19W35A,19w35a,551,NETTY,true,
V19W36A,19w36a,552,NETTY,true,
V19W37A,19w37a,553,NETTY,true,
V19W38A,19w38a,554,NETTY,true,
V19W38B,19w38b,555,NETTY,true,
V19W39A,19w39a,556,NETTY,true,
V19W40A,19w40a,557,NETTY,true,
V19W41A,19w41a,558,NETTY,true,
V19W42A,19w42a,559,NETTY,true,
V19W44A,19w44a,560,NETTY,true,
V19W45A,19w45a,561,NETTY,true,
V19W45B,19w45b,562,NETTY,true,
V19W46A,19w46a,563,NETTY,true,
V19W46B,19w46b,564,NETTY,true,
V15_PRE1,1.15 Pre-release 1,565,NETTY,true,
V15_PRE2,1.15 Pre-Release 2,566,NETTY,true,
V15_PRE3,1.15 Pre-release 3,567,NETTY,true,
V15_PRE4,1.15 Pre-release 4,569,NETTY,true,
V15_PRE5,1.15 Pre-release 5,570,NETTY,true,
V15_PRE6,1.15 Pre-release 6,571,NETTY,true,
V15_PRE7,1.15 Pre-release 7,572,NETTY,true,
V15,1.15,573,NETTY,,
V15_1_PRE1,1.15.1 Pre-release 1,574,NETTY,true,
V15_1,1.15.1,575,NETTY,,
V15_2_PRE1,1.15.2 Pre-Release 1,576,NETTY,true,
V15_2_PRE2,1.15.2 Pre-release 2,577,NETTY,true,
V15_2,1.15.2,578,NETTY,,
VCOMBAT_TEST_4,Combat Test 4,600,NETTY,true,
VCOMBAT_TEST_5,Combat Test 5,601,NETTY,true,
V20W06A,20w06a,701,NETTY,true,
V20W07A,20w07a,702,NETTY,true,
V20W08A,20w08a,703,NETTY,true,
V20W09A,20w09a,704,NETTY,true,
V20W10A,20w10a,705,NETTY,true,
V20W11A,20w11a,706,NETTY,true,
V20W12A,20w12a,707,NETTY,true,
V20W13A,20w13a,708,NETTY,true,
V20W13B,20w13b,709,NETTY,true,
V20W14_INFINITE,20w14âˆž,709,APRIL_FOOLS,true,
V20W14A,20w14a,710,NETTY,true,
V20W15A,20w15a,711,NETTY,true,
V20W16A,20w16a,712,NETTY,true,
V20W17A,20w17a,713,NETTY,true,
V20W18A,20w18a,714,NETTY,true,
V20W19A,20w19a,715,NETTY,true,
V20W20A,20w20a,716,NETTY,true,
V20W20B,20w20b,717,NETTY,true,
V20W21A,20w21a,718,NETTY,true,
V20W22A,20w22a,719,NETTY,true,
V16_PRE1,1.16 Pre-release 1,721,NETTY,true,
V16_PRE2,1.16 Pre-release 2,722,NETTY,true,
V16_PRE3,1.16 Pre-release 3,725,NETTY,true,
V16_PRE4,1.16 Pre-release 4,727,NETTY,true,
V16_PRE5,1.16 Pre-release 5,729,NETTY,true,
V16_PRE6,1.16 Pre-release 6,730,NETTY,true,
V16_PRE7,1.16 Pre-release 7,732,NETTY,true,
V16_PRE8,1.16 Pre-release 8,733,NETTY,true,
V16_RC1,1.16 Release Candidate 1,734,NETTY,true,
V16,1.16,735,NETTY,,
V16_1,1.16.1,736,NETTY,,
V20W27A,20w27a,738,NETTY,true,
V20W28A,20w28a,740,NETTY,true,
V20W29A,20w29a,741,NETTY,true,
V20W30A,20w30a,742,NETTY,true,
V16_2_PRE1,1.16.2 Pre-release 1,744,NETTY,true,
V16_2_PRE2,1.16.2 Pre-release 2,746,NETTY,true,
V16_2_PRE3,1.16.2 Pre-release 3,748,NETTY,true,
V16_2_RC1,1.16.2 Release Candidate 1,749,NETTY,true,
V16_2_RC2,1.16.2 Release Candidate 2,750,NETTY,true,
V16_2,1.16.2,751,NETTY,,
V16_3_RC1,1.16.3 Release Candidate 1,752,NETTY,true,
V16_3,1.16.3,753,NETTY,,
V16_4_PRE1,1.16.4 Pre-release 1,0x40000001,NETTY,true,
V16_4_PRE2,1.16.4 Pre-release 2,0x40000002,NETTY,true,
V16_4_RC1,1.16.4 Release Candidate 1,0x40000003,NETTY,true,
V16_4,1.16.4,754,NETTY,,
V16_5_RC1,1.16.5 Release Candidate 1,0x4000000A,NETTY,true,
V16_5,1.16.5,754,NETTY,,
VCOMBAT_TEST_6,Combat Test 6,801,NETTY,true,
VCOMBAT_TEST_7,Combat Test 7,802,NETTY,true,
VCOMBAT_TEST_7B,Combat Test 7b,802,NETTY,true,
VCOMBAT_TEST_7C,Combat Test 7c,802,NETTY,true,
VCOMBAT_TEST_8,Combat Test 8,803,NETTY,true,
VCOMBAT_TEST_8B,Combat Test 8b,803,NETTY,true,
VCOMBAT_TEST_8C,Combat Test 8c,803,NETTY,true,
V20W45A,20w45a,0x40000005,NETTY,true,
V20W46A,20w46a,0x40000006,NETTY,true,
V20W48A,20w48a,0x40000007,NETTY,true,
V20W49A,20w49a,0x40000008,NETTY,true,
V20W51A,20w51a,0x40000009,NETTY,true,
V21W03A,21w03a,0x4000000B,NETTY,true,
V21W05A,21w05a,0x4000000C,NETTY,true,
V21W05B,21w05b,0x4000000D,NETTY,true,
V21W06A,21w06a,0x4000000E,NETTY,true,
V21W07A,21w07a,0x4000000F,NETTY,true,
V21W08A,21w08a,0x40000010,NETTY,true,
V21W08B,21w08b,0x40000011,NETTY,true,
V21W10A,21w10a,0x40000012,NETTY,true,
V21W11A,21w11a,0x40000013,NETTY,true,
V21W13A,21w13a,0x40000014,NETTY,true,
V21W14A,21w14a,0x40000015,NETTY,true,
V21W15A,21w15a,0x40000016,NETTY,true,
V21W16A,21w16a,0x40000017,NETTY,true,
V21W17A,21w17a,0x40000019,NETTY,true,
V21W18A,21w18a,0x4000001A,NETTY,true,
V21W19A,21w19a,0x4000001B,NETTY,true,
V21W20A,21w20a,0x4000001C,NETTY,true,
V17_PRE1,1.17 Pre-release 1,0x4000001D,NETTY,true,
V17_PRE2,1.17 Pre-release 2,0x4000001E,NETTY,true,
V17_PRE3,1.17 Pre-release 3,0x4000001F,NETTY,true,
V17_PRE4,1.17 Pre-release 4,0x40000020,NETTY,true,
V17_PRE5,1.17 Pre-release 5,0x40000021,NETTY,true,
V17_RC1,1.17 Release Candidate 1,0x40000022,NETTY,true,
V17_RC2,1.17 Release Candidate 2,0x40000023,NETTY,true,
V17,1.17,755,NETTY,,
V17_1_PRE1,1.17.1 Pre-release 1,0x40000024,NETTY,true,
V17_1_PRE2,1.17.1 Pre-release 2,0x40000025,NETTY,true,
V17_1_PRE3,1.17.1 Pre-release 3,0x40000026,NETTY,true,
V17_1_RC1,1.17.1 Release Candidate 1,0x40000027,NETTY,true,
V17_1_RC2,1.17.1 Release Candidate 2,0x40000028,NETTY,true,
V17_1,1.17.1,756,NETTY,,
V18_EXP1,1.18 Experimental Snapshot 1,0x40000029,NETTY,true,
V18_EXP2,1.18 Experimental Snapshot 2,0x4000002A,NETTY,true,
V18_EXP3,1.18 Experimental Snapshot 3,0x4000002B,NETTY,true,
V18_EXP4,1.18 Experimental Snapshot 4,0x4000002C,NETTY,true,
V18_EXP5,1.18 Experimental Snapshot 5,0x4000002D,NETTY,true,
V18_EXP6,1.18 Experimental Snapshot 6,0x4000002E,NETTY,true,
V18_EXP7,1.18 Experimental Snapshot 7,0x4000002F,NETTY,true,
V21W37A,21w37a,0x40000029,NETTY,true,
V21W38A,21w38a,0x4000002A,NETTY,true,
V21W39A,21w39a,0x4000002B,NETTY,true,
V21W40A,21w40a,0x4000002C,NETTY,true,
V21W41A,21w41a,0x4000002D,NETTY,true,
V21W42A,21w42a,0x4000002E,NETTY,true,
V21W43A,21w43a,0x4000002F,NETTY,true,
V21W44A,21w44a,0x40000030,NETTY,true,
V18_PRE1,1.18 Pre-release 1,0x40000031,NETTY,true,
V18_PRE2,1.18 Pre-release 2,0x40000032,NETTY,true,
V18_PRE3,1.18 Pre-release 3,0x40000033,NETTY,true,
V18_PRE4,1.18 Pre-release 4,0x40000034,NETTY,true,
V18_PRE5,1.18 Pre-release 5,0x40000035,NETTY,true,
V18_PRE6,1.18 Pre-release 6,0x40000036,NETTY,true,
V18_PRE7,1.18 Pre-release 7,0x40000037,NETTY,true,
V18_PRE8,1.18 Pre-release 8,0x40000038,NETTY,true,
V18_RC1,1.18 Release Candidate 1,0x40000039,NETTY,true,
V18_RC2,1.18 Release Candidate 2,0x4000003A,NETTY,true,
V18_RC3,1.18 Release Candidate 3,0x4000003B,NETTY,true,
V18_RC4,1.18 Release Candidate 4,0x4000003C,NETTY,true,
V18,1.18,757,NETTY,,
V18_1_PRE1,1.18.1 Pre-release 1,0x4000003D,NETTY,true,
V18_1_RC1,1.18.1 Release Candidate 1,0x4000003E,NETTY,true,
V18_1_RC2,1.18.1 Release Candidate 2,0x4000003F,NETTY,true,
V18_1_RC3,1.18.1 Release Candidate 3,0x40000040,NETTY,true,
V18_1,1.18.1,757,NETTY,,
V22W03A,22w03a,0x40000041,NETTY,true,
V22W05A,22w05a,0x40000042,NETTY,true,
V22W06A,22w06a,0x40000043,NETTY,true,
V22W07A,22w07a,0x40000044,NETTY,true,
V18_2_PRE1,1.18.2 Pre-release 1,0x40000046,NETTY,true,
V18_2_PRE2,1.18.2 Pre-release 2,0x40000047,NETTY,true,
V18_2_PRE3,1.18.2 Pre-release 3,0x40000048,NETTY,true,
V18_2_RC1,1.18.2 Release Candidate 1,0x40000049,NETTY,true,
V18_2,1.18.2,758,NETTY,,
VDEEP_DARK_EXPER,Deep Dark Experimental Snapshot 1,0x40000045,NETTY,true,
V22W11A,22w11a,0x4000004A,NETTY,true,
V22W12A,22w12a,0x4000004B,NETTY,true,
V22W13A,22w13a,0x4000004C,NETTY,true,
V22W13_ONE_BLOCK_AT_A_TIME,22w13oneBlockAtATime,0x4000004D,APRIL_FOOLS,true,
V22W14A,22w14a,0x4000004E,NETTY,true,
V22W15A,22w15a,0x4000004F,NETTY,true,
V22W16A,22w16a,0x40000050,NETTY,true,
V22W16B,22w16b,0x40000051,NETTY,true,
V22W17A,22w17a,0x40000052,NETTY,true,
V22W18A,22w18a,0x40000053,NETTY,true,
V22W19A,22w19a,0x40000054,NETTY,true,
V19_PRE1,1.19 Pre-release 1,0x40000055,NETTY,true,
V19_PRE2,1.19 Pre-release 2,0x40000056,NETTY,true,
V19_PRE3,1.19 Pre-release 3,0x40000057,NETTY,true,
V19_PRE4,1.19 Pre-release 4,0x40000058,NETTY,true,
V19_PRE5,1.19 Pre-release 5,0x40000059,NETTY,true,
V19_RC1,1.19 Release Candidate 1,0x4000005A,NETTY,true,
V19_RC2,1.19 Release Candidate 2,0x4000005B,NETTY,true,
V19,1.19,759,NETTY,,
V22W24A,22w24a,0x4000005C,NETTY,true,
V19_1_PRE1,1.19.1 Pre-release 1,0x4000005D,NETTY,true,
V19_1_RC1,1.19.1 Release Candidate 1,0x4000005E,NETTY,true,
V19_1_PRE2,1.19.1 Pre-release 2,0x4000005F,NETTY,true,
V19_1_PRE3,1.19.1 Pre-release 3,0x40000060,NETTY,true,
V19_1_PRE4,1.19.1 Pre-release 4,0x40000061,NETTY,true,
V19_1_PRE5,1.19.1 Pre-release 5,0x40000062,NETTY,true,
V19_1_PRE6,1.19.1 Pre-release 6,0x40000063,NETTY,true,
V19_1_RC2,1.19.1 Release Candidate 2,0x40000064,NETTY,true,
V19_1_RC3,1.19.1 Release Candidate 3,0x40000065,NETTY,true,
V19_1,1.19.1,760,NETTY,,
V19_2_RC1,1.19.2 Release Candidate 1,0x40000066,NETTY,true,
V19_2_RC2,1.19.2 Release Candidate 2,0x40000067,NETTY,true,
V19_2,1.19.2,760,NETTY,,
V22W42A,22w42a,0x40000068,NETTY,true,
V22W43A,22w43a,0x40000069,NETTY,true,
V22W44A,22w44a,0x4000006A,NETTY,true,
V22W45A,22w45a,0x4000006B,NETTY,true,
V22W46A,22w46a,0x4000006C,NETTY,true,
V19_3_PRE1,1.19.3 Pre-release 1,0x4000006D,NETTY,true,
V19_3_PRE2,1.19.3 Pre-release 2,0x4000006E,NETTY,true,
V19_3_PRE3,1.19.3 Pre-release 3,0x4000006F,NETTY,true,
V19_3_RC1,1.19.3 Release Candidate 1,0x40000070,NETTY,true,
V19_3_RC2,1.19.3 Release Candidate 2,0x40000071,NETTY,true,
V19_3_RC3,1.19.3 Release Candidate 3,0x40000072,NETTY,true,
V19_3,1.19.3,761,NETTY,,
V23W03A,23w03a,0x40000073,NETTY,true,
V23W04A,23w04a,0x40000074,NETTY,true,
V23W05A,23w05a,0x40000075,NETTY,true,
V23W06A,23w06a,0x40000076,NETTY,true,
V23W07A,23w07a,0x40000077,NETTY,true,
V19_4_PRE1,1.19.4 Pre-release 1,0x40000078,NETTY,true,
V19_4_PRE2,1.19.4 Pre-release 2,0x40000079,NETTY,true,
V19_4_PRE3,1.19.4 Pre-release 3,0x4000007A,NETTY,true,
V19_4_PRE4,1.19.4 Pre-release 4,0x4000007B,NETTY,true,
V19_4_RC1,1.19.4 Release Candidate 1,0x4000007C,NETTY,true,
V19_4_RC2,1.19.4 Release Candidate 2,0x4000007D,NETTY,true,
V19_4_RC3,1.19.4 Release Candidate 3,0x4000007E,NETTY,true,
V19_4,1.19.4,762,NETTY,,
V23W12A,23w12a,0x4000007F,NETTY,true,
V23W13A,23w13a,0x40000080,NETTY,true,
V23W13A_OR_B,23w13a_or_b,0x40000081,APRIL_FOOLS,true,
V23W14A,23w14a,0x40000082,NETTY,true,
V23W16A,23w16a,0x40000083,NETTY,true,
V23W17A,23w17a,0x40000084,NETTY,true,
V23W18A,23w18a,0x40000085,NETTY,true,
V20_PRE1,1.20 Pre-release 1,0x40000086,NETTY,true,
V20_PRE2,1.20 Pre-release 2,0x40000087,NETTY,true,
V20_PRE3,1.20 Pre-release 3,0x40000088,NETTY,true,
V20_PRE4,1.20 Pre-release 4,0x40000089,NETTY,true,
V20_PRE5,1.20 Pre-release 5,0x4000008A,NETTY,true,
V20_PRE6,1.20 Pre-release 6,0x4000008B,NETTY,true,
V20_PRE7,1.20 Pre-release 7,0x4000008C,NETTY,true,
V20_RC1,1.20 Release Candidate 1,0x4000008D,NETTY,true,
V20,1.20,763,NETTY,,
V20_1_RC1,1.20.1 Release Candidate 1,0x4000008E,NETTY,true,
V20_1,1.20.1,763,NETTY,,
V23W31A,23w31a,0x40000090,NETTY,true,
V23W32A,23w32a,0x40000091,NETTY,true,
V23W33A,23w33a,0x40000092,NETTY,true,
V23W35A,23w35a,0x40000093,NETTY,true,
V20_2_PRE1,1.20.2 Pre-release 1,0x40000094,NETTY,true,
V20_2_PRE2,1.20.2 Pre-release 2,0x40000095,NETTY,true,
V20_2_PRE3,1.20.2 Pre-Release 3,0x40000096,NETTY,true,
V20_2_PRE4,1.20.2 Pre-Release 4,0x40000097,NETTY,true,
V20_2_RC1,1.20.2 Release Candidate 1,0x40000098,NETTY,true,
V20_2_RC2,1.20.2 Release Candidate 2,0x40000099,NETTY,true,
V20_2,1.20.2,764,NETTY,,
V23W40A,23w40a,0x4000009A,NETTY,true,
V23W41A,23w41a,0x4000009C,NETTY,true,
V23W42A,23w42a,0x4000009D,NETTY,true,
V23W43A,23w43a,0x4000009F,NETTY,true,
V23W43B,23w43b,0x400000A0,NETTY,true,
V23W44A,23w44a,0x400000A1,NETTY,true,
V23W45A,23w45a,0x400000A2,NETTY,true,
V23W46A,23w46a,0x400000A3,NETTY,true,
V20_3_PRE1,1.20.3 Pre-Release 1,0x400000A4,NETTY,true,
V20_3_PRE2,1.20.3 Pre-Release 2,0x400000A5,NETTY,true,
V20_3_PRE3,1.20.3 Pre-Release 3,0x400000A6,NETTY,true,
V20_3_PRE4,1.20.3 Pre-Release 4,0x400000A7,NETTY,true,
V20_3_RC1,1.20.3 Release Candidate 1,0x400000A8,NETTY,true,
V20_3,1.20.3,765,NETTY,,
V20_4_RC1,1.20.4 Release Candidate 1,0x400000A9,NETTY,true,
V20_4,1.20.4,765,NETTY,,
V23W51A,23w51a,0x400000A9,NETTY,true,
V23W51B,23w51b,0x400000AA,NETTY,true,
V24W03A,24w03a,0x400000AB,NETTY,true,
V24W03B,24w03b,0x400000AC,NETTY,true,
V24W05A,24w05a,0x400000AD,NETTY,true,
V24W04A,24w04a,0x400000AD,NETTY,true,
V24W05B,24w05b,0x400000AF,NETTY,true,
V24W06A,24w06a,0x400000B0,NETTY,true,
V24W07A,24w07a,0x400000B1,NETTY,true,
V24W09A,24w09a,0x400000B2,NETTY,true,
V24W10A,24w10a,0x400000B3,NETTY,true,
V24W11A,24w11a,0x400000B4,NETTY,true,
V24W12A,24w12a,0x400000B5,NETTY,true,
V24W13A,24w13a,0x400000B6,NETTY,true,
V24W14_POTATO,24w14potato,0x400000B7,APRIL_FOOLS,true,
V24W14A,24w14a,0x400000B8,NETTY,true,
V20_5_PRE1,1.20.5 Pre-Release 1,0x400000B9,NETTY,true,
V20_5_PRE2,1.20.5 Pre-Release 2,0x400000BA,NETTY,true,
V20_5_PRE3,1.20.5 Pre-Release 3,0x400000BB,NETTY,true,
V20_5_PRE4,1.20.5 Pre-Release 4,0x400000BC,NETTY,true,
V20_5_RC1,1.20.5 Release Candidate 1,0x400000BD,NETTY,true,
V20_5_RC2,1.20.5 Release Candidate 2,0x400000BE,NETTY,true,
V20_5_RC3,1.20.5 Release Candidate 3,0x400000BF,NETTY,true,
V20_5,1.20.5,766,NETTY,,
V20_6_RC1,1.20.6 Release Candidate 1,0x400000C0,NETTY,true,
V20_6,1.20.6,766,NETTY,,
V24W18A,24w18a,0x400000C1,NETTY,true,
V24W19A,24w19a,0x400000C2,NETTY,true,
V24W19B,24w19b,0x400000C3,NETTY,true,
V24W20A,24w20a,0x400000C4,NETTY,true,
V24W21A,24w21a,0x400000C5,NETTY,true,
V24W21B,24w21b,0x400000C6,NETTY,true,
V21_PRE1,1.21 Pre-Release 1,0x400000C7,NETTY,true,
V21_PRE2,1.21 Pre-Release 2,0x400000C8,NETTY,true,
V21_PRE3,1.21 Pre-Release 3,0x400000C9,NETTY,true,
V21_PRE4,1.21 Pre-Release 4,0x400000CA,NETTY,true,
V21_RC1,1.21 Release Candidate 1,0x400000CB,NETTY,true,
V21,1.21,767,NETTY,,
V21_1_RC1,1.21.1 Release Candidate 1,0x400000CC,NETTY,true,
V21_1,1.21.1,767,NETTY,,
V24W33A,24w33a,0x400000CD,NETTY,true,
V24W34A,24w34a,0x400000CE,NETTY,true,
V24W35A,24w35a,0x400000CF,NETTY,true,
V24W36A,24w36a,0x400000D0,NETTY,true,
V24W37A,24w37a,0x400000D1,NETTY,true,
V24W38A,24w38a,0x400000D2,NETTY,true,
V24W39A,24w39a,0x400000D3,NETTY,true,
V24W40A,24w40a,0x400000D4,NETTY,true,
V21_2_PRE1,1.21.2 Pre-Release 1,0x400000D5,NETTY,true,
V21_2_PRE2,1.21.2 Pre-Release 2,0x400000D6,NETTY,true,
V21_2_PRE3,1.21.2 Pre-Release 3,0x400000D7,NETTY,true,
V21_2_PRE4,1.21.2 Pre-Release 4,0x400000D8,NETTY,true,
V21_2_PRE5,1.21.2 Pre-Release 5,0x400000D9,NETTY,true,
V21_2_RC1,1.21.2 Release Candidate 1,0x400000DA,NETTY,true,
V21_2_RC2,1.21.2 Release Candidate 2,0x400000DB,NETTY,true,
V21_2,1.21.2,768,NETTY,,
V21_3,1.21.3,768,NETTY,,
V24W44A,24w44a,0x400000DC,NETTY,true,
V24W45A,24w45a,0x400000DD,NETTY,true,
V24W46A,24w46a,0x400000DE,NETTY,true,
V21_4_PRE1,1.21.4 Pre-Release 1,0x400000DF,NETTY,true,
V21_4_PRE2,1.21.4 Pre-Release 2,0x400000E0,NETTY,true,
V21_4_PRE3,1.21.4 Pre-Release 3,0x400000E1,NETTY,true,
V21_4_RC1,1.21.4 Release Candidate 1,0x400000E2,NETTY,true,
V21_4_RC2,1.21.4 Release Candidate 2,0x400000E3,NETTY,true,
V21_4_RC3,1.21.4 Release Candidate 3,0x400000E4,NETTY,true,
V21_4,1.21.4,769,NETTY,,